base	startDate	show_name	episodeNumber	episode_name	fullname
Snickelodeon EST	2026-10-05T11:00:00Z	Fifteen	6		
Snickelodeon EST	2026-10-05T11:33:01Z	Mr Wizard	4		
Snickelodeon EST	2026-10-05T12:06:11Z	Flipper The New Adventures	66		
Snickelodeon EST	2026-10-05T13:00:00Z	Maya the Bee	48		
Snickelodeon EST	2026-10-05T13:26:55Z	David The Gnome	22		
Snickelodeon EST	2026-10-05T13:57:55Z	Busy World of Richard Scarry	22		
Snickelodeon EST	2026-10-05T14:28:45Z	Muppet Babies	4		
Snickelodeon EST	2026-10-05T15:00:00Z	Allegras Window	4		
Snickelodeon EST	2026-10-05T15:42:35Z	Gullah Gullah Island	42		
Snickelodeon EST	2026-10-05T16:14:55Z	Little Bear	25		
Snickelodeon EST	2026-10-05T17:00:00Z	Flipper	35		
Snickelodeon EST	2026-10-05T17:31:28Z	Lassie	84		
Snickelodeon EST	2026-10-05T18:00:00Z	Gumby	40		The Gumby Show
Snickelodeon EST	2026-10-05T18:08:51Z	Alvin and the Chipmunks	53		
Snickelodeon EST	2026-10-05T18:37:45Z	Inspector Gadget	64		
Snickelodeon EST	2026-10-05T19:06:43Z	Tintin	25		The Adventures of Tintin
Snickelodeon EST	2026-10-05T19:34:27Z	BeetleJuice	58		
Snickelodeon EST	2026-10-05T20:00:00Z	Nick Arcade	30		Nickelodeon Arcade
Snickelodeon EST	2026-10-05T20:29:52Z	Get The Picture	16		
Snickelodeon EST	2026-10-05T21:00:00Z	Rockos Modern Life	31		
Snickelodeon EST	2026-10-05T21:31:02Z	Aaahh!!! Real Monsters	31		
Snickelodeon EST	2026-10-05T22:00:00Z	Clarissa Explains It All	28		
Snickelodeon EST	2026-10-05T22:30:40Z	Pete and Pete	28		The Adventures of Pete & Pete
Snickelodeon EST	2026-10-05T23:01:18Z	Doug	38		
Snickelodeon EST	2026-10-05T23:31:18Z	Rugrats	64		
Snickelodeon EST	2026-10-06T00:00:00Z	Secret World Of Alex Mack	57		
Snickelodeon EST	2026-10-06T00:29:57Z	All That	35		
Snickelodeon EST	2026-10-06T01:00:00Z	Ren and Stimpy	36		The Ren & Stimpy Show
Snickelodeon EST	2026-10-06T01:29:14Z	Are You Afraid Of The Dark	55		
Snickelodeon EST	2026-10-06T02:00:00Z	Rocky and Bullwinkle	67		
Snickelodeon EST	2026-10-06T02:30:00Z	Bewitched	37		
Snickelodeon EST	2026-10-06T03:00:00Z	My Three Sons	7		
Snickelodeon EST	2026-10-06T03:31:50Z	Mister Ed	19		
Snickelodeon EST	2026-10-06T04:00:00Z	Alfred Hitchcock Presents	126		
Snickelodeon EST	2026-10-06T04:29:20Z	The Adventures of Superman	54		
Snickelodeon EST	2026-10-06T05:00:00Z	The Lucy Show	106		
Snickelodeon EST	2026-10-06T05:29:37Z	Green Acres	2		
Snickelodeon EST	2026-10-06T06:00:00Z	The Patty Duke Show	54		
Snickelodeon EST	2026-10-06T06:29:53Z	The Many Loves of Dobie Gillis	22		
Snickelodeon EST	2026-10-06T07:00:00Z	My Three Sons	7		
Snickelodeon EST	2026-10-06T07:31:50Z	Mister Ed	19		
Snickelodeon EST	2026-10-06T08:00:00Z	Alfred Hitchcock Presents	126		
Snickelodeon EST	2026-10-06T08:29:20Z	The Adventures of Superman	54		
Snickelodeon EST	2026-10-06T09:00:00Z	The Lucy Show	106		
Snickelodeon EST	2026-10-06T09:29:37Z	Green Acres	2		
Snickelodeon EST	2026-10-06T10:00:00Z	The Patty Duke Show	54		
Snickelodeon EST	2026-10-06T10:29:53Z	The Many Loves of Dobie Gillis	22		
Snickelodeon EST	2026-10-06T11:00:00Z	Land of the Lost 1991	20		
Snickelodeon EST	2026-10-06T11:31:37Z	You Can't Do That on Television	8		
Snickelodeon EST	2026-10-06T12:05:30Z	Flipper The New Adventures	67		
Snickelodeon EST	2026-10-06T13:00:00Z	Noozles	22		
Snickelodeon EST	2026-10-06T13:37:07Z	Grimms Fairy Tale Classics	4		
Snickelodeon EST	2026-10-06T13:46:33Z	Busy World of Richard Scarry	23		
Snickelodeon EST	2026-10-06T14:27:19Z	Muppet Babies	5		
Snickelodeon EST	2026-10-06T15:00:00Z	Allegras Window	5		
Snickelodeon EST	2026-10-06T15:42:33Z	Gullah Gullah Island	43		
Snickelodeon EST	2026-10-06T16:14:57Z	Little Bear	26		
Snickelodeon EST	2026-10-06T17:00:00Z	Flipper	36		
Snickelodeon EST	2026-10-06T17:31:36Z	Lassie	85		
Snickelodeon EST	2026-10-06T18:00:00Z	Gumby	41		The Gumby Show
Snickelodeon EST	2026-10-06T18:08:41Z	Garfield and Friends	18		
Snickelodeon EST	2026-10-06T18:37:06Z	Inspector Gadget	65		
Snickelodeon EST	2026-10-06T19:04:34Z	Tintin	26		The Adventures of Tintin
Snickelodeon EST	2026-10-06T19:31:00Z	Count Duckula	24		
Snickelodeon EST	2026-10-06T20:00:00Z	Super Sloppy Double Dare	57		
Snickelodeon EST	2026-10-06T20:28:40Z	Nickelodeon Guts	89		
Snickelodeon EST	2026-10-06T21:00:00Z	Hey Arnold!	31		
Snickelodeon EST	2026-10-06T21:29:11Z	Rockos Modern Life	32		
Snickelodeon EST	2026-10-06T22:00:00Z	Salute Your Shorts	17		
Snickelodeon EST	2026-10-06T22:30:37Z	Hey Dude!	19		
Snickelodeon EST	2026-10-06T23:01:20Z	Doug	39		
Snickelodeon EST	2026-10-06T23:31:23Z	Rugrats	65		
Snickelodeon EST	2026-10-07T00:00:00Z	Secret World Of Alex Mack	58		
Snickelodeon EST	2026-10-07T00:29:54Z	All That	36		
Snickelodeon EST	2026-10-07T00:59:42Z	Kenan & Kel	28		
Snickelodeon EST	2026-10-07T01:29:45Z	Are You Afraid Of The Dark	56		
Snickelodeon EST	2026-10-07T02:00:00Z	Rocky and Bullwinkle	68		
Snickelodeon EST	2026-10-07T02:30:00Z	I Dream Of Jeannie	104		
Snickelodeon EST	2026-10-07T03:00:00Z	Get Smart	94		
Snickelodeon EST	2026-10-07T03:29:42Z	Dragnet	22		
Snickelodeon EST	2026-10-07T04:00:00Z	The Dick Van Dyke Show	9		
Snickelodeon EST	2026-10-07T04:29:19Z	The Mary Tyler Moore Show	127		
Snickelodeon EST	2026-10-07T05:00:00Z	Car 54, Where Are You	19		
Snickelodeon EST	2026-10-07T05:29:03Z	I Love Lucy	79		
Snickelodeon EST	2026-10-07T06:00:00Z	I Spy	15		
Snickelodeon EST	2026-10-07T07:00:00Z	Get Smart	94		
Snickelodeon EST	2026-10-07T07:29:42Z	Dragnet	22		
Snickelodeon EST	2026-10-07T08:00:00Z	The Dick Van Dyke Show	9		
Snickelodeon EST	2026-10-07T08:29:19Z	The Mary Tyler Moore Show	127		
Snickelodeon EST	2026-10-07T09:00:00Z	Car 54, Where Are You	19		
Snickelodeon EST	2026-10-07T09:29:03Z	I Love Lucy	79		
Snickelodeon EST	2026-10-07T10:00:00Z	I Spy	15		
Snickelodeon EST	2026-10-07T11:00:00Z	Fifteen	7		
Snickelodeon EST	2026-10-07T11:34:09Z	Make The Grade	52		
Snickelodeon EST	2026-10-07T12:06:10Z	Flipper The New Adventures	68		
Snickelodeon EST	2026-10-07T13:00:00Z	The Littl Bits	8		
Snickelodeon EST	2026-10-07T13:22:39Z	Mysterious Cities of Gold	35		
Snickelodeon EST	2026-10-07T13:56:48Z	Busy World of Richard Scarry	24		
Snickelodeon EST	2026-10-07T14:28:07Z	Muppet Babies	6		
Snickelodeon EST	2026-10-07T15:00:00Z	Allegras Window	6		
Snickelodeon EST	2026-10-07T15:42:38Z	Gullah Gullah Island	44		
Snickelodeon EST	2026-10-07T16:14:59Z	Little Bear	27		
Snickelodeon EST	2026-10-07T17:00:00Z	Flipper	37		
Snickelodeon EST	2026-10-07T17:31:27Z	Lassie	86		
Snickelodeon EST	2026-10-07T18:00:00Z	Gumby	42		The Gumby Show
Snickelodeon EST	2026-10-07T18:08:33Z	Alvin and the Chipmunks	54		
Snickelodeon EST	2026-10-07T18:37:40Z	Inspector Gadget	1		
Snickelodeon EST	2026-10-07T19:06:24Z	Tintin	27		The Adventures of Tintin
Snickelodeon EST	2026-10-07T19:34:21Z	BeetleJuice	59		
Snickelodeon EST	2026-10-07T20:00:00Z	Wild and Crazy Kids	7		
Snickelodeon EST	2026-10-07T20:28:05Z	Legends of the Hidden Temple	18		
Snickelodeon EST	2026-10-07T21:00:00Z	Aaahh!!! Real Monsters	32		
Snickelodeon EST	2026-10-07T21:29:51Z	Hey Arnold!	32		
Snickelodeon EST	2026-10-07T22:00:00Z	Clarissa Explains It All	29		
Snickelodeon EST	2026-10-07T22:30:20Z	Pete and Pete	29		The Adventures of Pete & Pete
Snickelodeon EST	2026-10-07T23:00:33Z	Doug	40		
Snickelodeon EST	2026-10-07T23:30:11Z	Rugrats	66		
Snickelodeon EST	2026-10-08T00:00:00Z	KaBlam!	15		
Snickelodeon EST	2026-10-08T00:29:46Z	All That	37		
Snickelodeon EST	2026-10-08T00:59:38Z	Kenan & Kel	29		
Snickelodeon EST	2026-10-08T01:29:43Z	Are You Afraid Of The Dark	57		
Snickelodeon EST	2026-10-08T02:00:00Z	Rocky and Bullwinkle	69		
Snickelodeon EST	2026-10-08T02:30:00Z	Bewitched	38		
Snickelodeon EST	2026-10-08T03:00:00Z	My Three Sons	8		
Snickelodeon EST	2026-10-08T03:29:58Z	Mister Ed	20		
Snickelodeon EST	2026-10-08T04:00:00Z	Alfred Hitchcock Presents	127		
Snickelodeon EST	2026-10-08T04:29:16Z	The Adventures of Superman	55		
Snickelodeon EST	2026-10-08T05:00:00Z	The Lucy Show	107		
Snickelodeon EST	2026-10-08T05:29:45Z	Green Acres	3		
Snickelodeon EST	2026-10-08T06:00:00Z	The Patty Duke Show	55		
Snickelodeon EST	2026-10-08T06:29:47Z	The Many Loves of Dobie Gillis	23		
Snickelodeon EST	2026-10-08T07:00:00Z	My Three Sons	8		
Snickelodeon EST	2026-10-08T07:29:58Z	Mister Ed	20		
Snickelodeon EST	2026-10-08T08:00:00Z	Alfred Hitchcock Presents	127		
Snickelodeon EST	2026-10-08T08:29:16Z	The Adventures of Superman	55		
Snickelodeon EST	2026-10-08T09:00:00Z	The Lucy Show	107		
Snickelodeon EST	2026-10-08T09:29:45Z	Green Acres	3		
Snickelodeon EST	2026-10-08T10:00:00Z	The Patty Duke Show	55		
Snickelodeon EST	2026-10-08T10:29:47Z	The Many Loves of Dobie Gillis	23		
Snickelodeon EST	2026-10-08T11:00:00Z	Land of the Lost 1991	21		
Snickelodeon EST	2026-10-08T11:31:51Z	Mr Wizard	5		
Snickelodeon EST	2026-10-08T12:05:48Z	Flipper The New Adventures	69		
Snickelodeon EST	2026-10-08T13:00:00Z	Maya the Bee	49		
Snickelodeon EST	2026-10-08T13:26:45Z	David The Gnome	23		
Snickelodeon EST	2026-10-08T13:56:39Z	Busy World of Richard Scarry	25		
Snickelodeon EST	2026-10-08T14:28:38Z	Muppet Babies	7		
Snickelodeon EST	2026-10-08T15:00:00Z	Allegras Window	7		
Snickelodeon EST	2026-10-08T15:42:46Z	Gullah Gullah Island	45		
Snickelodeon EST	2026-10-08T16:15:02Z	Little Bear	28		
Snickelodeon EST	2026-10-08T17:00:00Z	Flipper	38		
Snickelodeon EST	2026-10-08T17:30:51Z	Lassie	87		
Snickelodeon EST	2026-10-08T18:00:00Z	Gumby	43		The Gumby Show
Snickelodeon EST	2026-10-08T18:10:29Z	Garfield and Friends	19		
Snickelodeon EST	2026-10-08T18:38:48Z	Inspector Gadget	2		
Snickelodeon EST	2026-10-08T19:05:37Z	Tintin	28		The Adventures of Tintin
Snickelodeon EST	2026-10-08T19:31:33Z	Count Duckula	25		
Snickelodeon EST	2026-10-08T20:00:00Z	What Would You Do	50		
Snickelodeon EST	2026-10-08T20:28:51Z	Global Guts	19		
Snickelodeon EST	2026-10-08T21:00:00Z	Rockos Modern Life	33		
Snickelodeon EST	2026-10-08T21:30:59Z	Aaahh!!! Real Monsters	33		
Snickelodeon EST	2026-10-08T22:00:00Z	Salute Your Shorts	18		
Snickelodeon EST	2026-10-08T22:30:17Z	Hey Dude!	20		
Snickelodeon EST	2026-10-08T23:00:34Z	Doug	41		
Snickelodeon EST	2026-10-08T23:30:15Z	Rugrats	67		
Snickelodeon EST	2026-10-09T00:00:00Z	Secret World Of Alex Mack	59		
Snickelodeon EST	2026-10-09T00:29:47Z	All That	38		
Snickelodeon EST	2026-10-09T00:59:34Z	Kenan & Kel	30		
Snickelodeon EST	2026-10-09T01:29:25Z	Are You Afraid Of The Dark	58		
Snickelodeon EST	2026-10-09T02:00:00Z	Rocky and Bullwinkle	70		
Snickelodeon EST	2026-10-09T02:30:00Z	I Dream Of Jeannie	105		
Snickelodeon EST	2026-10-09T03:00:00Z	Get Smart	95		
Snickelodeon EST	2026-10-09T03:29:41Z	Dragnet	23		
Snickelodeon EST	2026-10-09T04:00:00Z	The Dick Van Dyke Show	10		
Snickelodeon EST	2026-10-09T04:29:22Z	The Mary Tyler Moore Show	128		
Snickelodeon EST	2026-10-09T05:00:00Z	Car 54, Where Are You	20		
Snickelodeon EST	2026-10-09T05:29:36Z	I Love Lucy	80		
Snickelodeon EST	2026-10-09T06:00:00Z	I Spy	16		
Snickelodeon EST	2026-10-09T07:00:00Z	Get Smart	95		
Snickelodeon EST	2026-10-09T07:29:41Z	Dragnet	23		
Snickelodeon EST	2026-10-09T08:00:00Z	The Dick Van Dyke Show	10		
Snickelodeon EST	2026-10-09T08:29:22Z	The Mary Tyler Moore Show	128		
Snickelodeon EST	2026-10-09T09:00:00Z	Car 54, Where Are You	20		
Snickelodeon EST	2026-10-09T09:29:36Z	I Love Lucy	80		
Snickelodeon EST	2026-10-09T10:00:00Z	I Spy	16		
Snickelodeon EST	2026-10-09T11:00:00Z	Fifteen	8		
Snickelodeon EST	2026-10-09T11:33:33Z	You Can't Do That on Television	9		
Snickelodeon EST	2026-10-09T12:06:35Z	Flipper The New Adventures	70		
Snickelodeon EST	2026-10-09T13:00:00Z	Noozles	23		
Snickelodeon EST	2026-10-09T13:34:40Z	Grimms Fairy Tale Classics	5		
Snickelodeon EST	2026-10-09T13:42:27Z	Busy World of Richard Scarry	26		
Snickelodeon EST	2026-10-09T14:20:50Z	Muppet Babies	8		
Snickelodeon EST	2026-10-09T15:00:00Z	Allegras Window	8		
Snickelodeon EST	2026-10-09T15:42:41Z	Gullah Gullah Island	46		
Snickelodeon EST	2026-10-09T16:15:02Z	Little Bear	29		
Snickelodeon EST	2026-10-09T17:00:00Z	Flipper	39		
Snickelodeon EST	2026-10-09T17:31:12Z	Lassie	88		
Snickelodeon EST	2026-10-09T18:00:00Z	Gumby	44		The Gumby Show
Snickelodeon EST	2026-10-09T18:08:56Z	Alvin and the Chipmunks	55		
Snickelodeon EST	2026-10-09T18:37:56Z	Inspector Gadget	3		
Snickelodeon EST	2026-10-09T19:06:28Z	Tintin	29		The Adventures of Tintin
Snickelodeon EST	2026-10-09T19:34:10Z	BeetleJuice	60		
Snickelodeon EST	2026-10-09T20:00:00Z	Finders Keepers	20		
Snickelodeon EST	2026-10-09T20:28:38Z	Figure it Out	40		
Snickelodeon EST	2026-10-09T21:00:00Z	Hey Arnold!	33		
Snickelodeon EST	2026-10-09T21:29:05Z	Rockos Modern Life	34		
Snickelodeon EST	2026-10-09T22:00:00Z	Clarissa Explains It All	30		
Snickelodeon EST	2026-10-09T22:28:40Z	My Brother and Me	6		
Snickelodeon EST	2026-10-09T22:59:32Z	Doug	42		
Snickelodeon EST	2026-10-09T23:29:43Z	Rugrats	68		
Snickelodeon EST	2026-10-10T00:00:00Z	Secret World Of Alex Mack	60		
Snickelodeon EST	2026-10-10T00:29:42Z	All That	39		
Snickelodeon EST	2026-10-10T00:59:36Z	Animorphs	5		
Snickelodeon EST	2026-10-10T01:29:35Z	Are You Afraid Of The Dark	59		
Snickelodeon EST	2026-10-10T02:00:00Z	Rocky and Bullwinkle	71		
Snickelodeon EST	2026-10-10T02:30:00Z	The Munsters	29		
Snickelodeon EST	2026-10-10T03:00:00Z	Get Smart	96		
Snickelodeon EST	2026-10-10T03:29:30Z	Dragnet	24		
Snickelodeon EST	2026-10-10T04:00:00Z	Alfred Hitchcock Presents	128		
Snickelodeon EST	2026-10-10T04:29:20Z	The Adventures of Superman	56		
Snickelodeon EST	2026-10-10T05:00:00Z	The Lucy Show	108		
Snickelodeon EST	2026-10-10T05:29:43Z	Green Acres	4		
Snickelodeon EST	2026-10-10T06:00:00Z	The Patty Duke Show	56		
Snickelodeon EST	2026-10-10T06:29:48Z	The Many Loves of Dobie Gillis	24		
Snickelodeon EST	2026-10-10T07:00:00Z	Get Smart	96		
Snickelodeon EST	2026-10-10T07:29:30Z	Dragnet	24		
Snickelodeon EST	2026-10-10T08:00:00Z	Alfred Hitchcock Presents	128		
Snickelodeon EST	2026-10-10T08:29:20Z	The Adventures of Superman	56		
Snickelodeon EST	2026-10-10T09:00:00Z	The Lucy Show	108		
Snickelodeon EST	2026-10-10T09:29:43Z	Green Acres	4		
Snickelodeon EST	2026-10-10T10:00:00Z	The Patty Duke Show	56		
Snickelodeon EST	2026-10-10T10:29:48Z	The Many Loves of Dobie Gillis	24		
Snickelodeon EST	2026-10-10T11:00:00Z	Land of the Lost 1991	22		
Snickelodeon EST	2026-10-10T11:32:29Z	Make The Grade	53		
Snickelodeon EST	2026-10-10T12:06:03Z	Flipper The New Adventures	71		
Snickelodeon EST	2026-10-10T13:00:00Z	The Littl Bits	9		
Snickelodeon EST	2026-10-10T13:24:19Z	Mysterious Cities of Gold	36		
Snickelodeon EST	2026-10-10T13:57:45Z	Busy World of Richard Scarry	27		
Snickelodeon EST	2026-10-10T14:28:36Z	Muppet Babies	9		
Snickelodeon EST	2026-10-10T15:00:00Z	Allegras Window	9		
Snickelodeon EST	2026-10-10T15:42:45Z	Gullah Gullah Island	47		
Snickelodeon EST	2026-10-10T16:14:59Z	Little Bear	30		
Snickelodeon EST	2026-10-10T17:00:00Z	Flipper	40		
Snickelodeon EST	2026-10-10T17:31:32Z	Lassie	89		
Snickelodeon EST	2026-10-10T18:00:00Z	Weinerville	7		
Snickelodeon EST	2026-10-10T18:29:34Z	Gumby	45		The Gumby Show
Snickelodeon EST	2026-10-10T18:41:05Z	Garfield and Friends	20		
Snickelodeon EST	2026-10-10T19:08:43Z	Inspector Gadget	4		
Snickelodeon EST	2026-10-10T19:34:48Z	Tintin	30		The Adventures of Tintin
Snickelodeon EST	2026-10-10T20:00:00Z	Double Dare	62		
Snickelodeon EST	2026-10-10T20:29:46Z	Nickelodeon Guts	90		
Snickelodeon EST	2026-10-10T21:00:00Z	Angry Beavers	34		
Snickelodeon EST	2026-10-10T21:29:59Z	CatDog	58		
Snickelodeon EST	2026-10-10T22:00:00Z	The Tomorrow People	25		
Snickelodeon EST	2026-10-10T22:30:01Z	Pete and Pete	30		The Adventures of Pete & Pete
Snickelodeon EST	2026-10-10T23:00:24Z	Doug	43		
Snickelodeon EST	2026-10-10T23:30:05Z	Rugrats	69		
Snickelodeon EST	2026-10-11T00:00:00Z	KaBlam!	16		
Snickelodeon EST	2026-10-11T00:29:55Z	All That	40		
Snickelodeon EST	2026-10-11T00:59:42Z	Animorphs	6		
Snickelodeon EST	2026-10-11T01:29:34Z	Are You Afraid Of The Dark	60		
Snickelodeon EST	2026-10-11T02:00:00Z	Fireball XL5	10		
Snickelodeon EST	2026-10-11T02:30:00Z	Space 1999	16		
Snickelodeon EST	2026-10-11T03:30:00Z	Joe 90	10		
Snickelodeon EST	2026-10-11T03:59:11Z	Stingray	10		
Snickelodeon EST	2026-10-11T04:30:00Z	Captain Scarlet and the Mysterons	16		
Snickelodeon EST	2026-10-11T05:00:00Z	UFO	10		
Snickelodeon EST	2026-10-11T06:00:00Z	F Troop	13		
Snickelodeon EST	2026-10-11T06:32:59Z	Welcome Back Kotter	39		
Snickelodeon EST	2026-10-11T07:00:00Z	Space 1999	16		
Snickelodeon EST	2026-10-11T08:00:00Z	Joe 90	10		
Snickelodeon EST	2026-10-11T08:29:11Z	Stingray	10		
Snickelodeon EST	2026-10-11T09:00:00Z	Captain Scarlet and the Mysterons	16		
Snickelodeon EST	2026-10-11T09:30:00Z	UFO	10		
Snickelodeon EST	2026-10-11T10:30:00Z	F Troop	13		
Snickelodeon EST	2026-10-11T11:00:00Z	Fifteen	9		
Snickelodeon EST	2026-10-11T11:02:59Z	Welcome Back Kotter	39		
Snickelodeon EST	2026-10-11T11:32:53Z	Mr Wizard	6		
Snickelodeon EST	2026-10-11T12:06:05Z	Flipper The New Adventures	72		
Snickelodeon EST	2026-10-11T13:00:00Z	Maya the Bee	50		
Snickelodeon EST	2026-10-11T13:27:28Z	David The Gnome	24		
Snickelodeon EST	2026-10-11T13:58:29Z	Busy World of Richard Scarry	28		
Snickelodeon EST	2026-10-11T14:28:00Z	Muppet Babies	10		
Snickelodeon EST	2026-10-11T15:00:00Z	Allegras Window	10		
Snickelodeon EST	2026-10-11T15:42:46Z	Gullah Gullah Island	48		
Snickelodeon EST	2026-10-11T16:15:09Z	Little Bear	31		
Snickelodeon EST	2026-10-11T17:00:00Z	Flipper	41		
Snickelodeon EST	2026-10-11T17:31:26Z	Lassie	90		
Snickelodeon EST	2026-10-11T18:00:00Z	Weinerville	8		
Snickelodeon EST	2026-10-11T18:29:39Z	Gumby	46		The Gumby Show
Snickelodeon EST	2026-10-11T18:38:51Z	Alvin and the Chipmunks	56		
Snickelodeon EST	2026-10-11T19:06:15Z	Inspector Gadget	5		
Snickelodeon EST	2026-10-11T19:33:33Z	Tintin	31		The Adventures of Tintin
Snickelodeon EST	2026-10-11T20:00:00Z	You're On!	12		
Snickelodeon EST	2026-10-11T20:30:26Z	Get The Picture	17		
Snickelodeon EST	2026-10-11T21:00:00Z	The Wild Thornberrys	36		
Snickelodeon EST	2026-10-11T22:00:00Z	Cousin Skeeter	8		
Snickelodeon EST	2026-10-11T22:30:06Z	My Brother and Me	7		
Snickelodeon EST	2026-10-11T23:00:37Z	Doug	44		
Snickelodeon EST	2026-10-11T23:29:58Z	Rugrats	70		
Snickelodeon EST	2026-10-12T00:00:00Z	FairyTale A True Story			
Snickelodeon EST	2026-10-12T02:00:00Z	Rocky and Bullwinkle	72		
Snickelodeon EST	2026-10-12T02:30:00Z	The Munsters	30		
Snickelodeon EST	2026-10-12T03:00:00Z	The Brady Bunch	97		
Snickelodeon EST	2026-10-12T03:29:53Z	The Brady Bunch	98		
Snickelodeon EST	2026-10-12T04:00:00Z	Sgt. Bilko	114		sgt. bilko
Snickelodeon EST	2026-10-12T04:29:45Z	The Bob Newhart Show	116		
Snickelodeon EST	2026-10-12T05:00:00Z	Rhoda	40		
Snickelodeon EST	2026-10-12T05:28:58Z	F Troop	14		
Snickelodeon EST	2026-10-12T06:00:00Z	Taxi	58		
Snickelodeon EST	2026-10-12T06:30:39Z	Welcome Back Kotter	40		
Snickelodeon EST	2026-10-12T07:00:00Z	The Brady Bunch	97		
Snickelodeon EST	2026-10-12T07:29:53Z	The Brady Bunch	98		
Snickelodeon EST	2026-10-12T08:00:00Z	Sgt. Bilko	114		sgt. bilko
Snickelodeon EST	2026-10-12T08:29:45Z	The Bob Newhart Show	116		
Snickelodeon EST	2026-10-12T09:00:00Z	Rhoda	40		
Snickelodeon EST	2026-10-12T09:28:58Z	F Troop	14		
Snickelodeon EST	2026-10-12T10:00:00Z	Taxi	58		
Snickelodeon EST	2026-10-12T10:30:39Z	Welcome Back Kotter	40		
Snickelodeon EST	2026-10-12T11:00:00Z	Land of the Lost 1991	23		
Snickelodeon EST	2026-10-12T11:32:02Z	You Can't Do That on Television	10		
Snickelodeon EST	2026-10-12T12:05:54Z	Flipper The New Adventures	73		
Snickelodeon EST	2026-10-12T13:00:00Z	Noozles	24		
Snickelodeon EST	2026-10-12T13:29:50Z	Grimms Fairy Tale Classics	6		
Snickelodeon EST	2026-10-12T13:59:12Z	Busy World of Richard Scarry	29		
Snickelodeon EST	2026-10-12T14:32:02Z	Muppet Babies	11		
Snickelodeon EST	2026-10-12T15:00:00Z	Allegras Window	11		
Snickelodeon EST	2026-10-12T15:42:35Z	Gullah Gullah Island	49		
Snickelodeon EST	2026-10-12T16:15:01Z	Little Bear	32		
Snickelodeon EST	2026-10-12T17:00:00Z	Flipper	42		
Snickelodeon EST	2026-10-12T17:31:14Z	Lassie	91		
Snickelodeon EST	2026-10-12T18:00:00Z	Gumby	47		The Gumby Show
Snickelodeon EST	2026-10-12T18:08:35Z	Garfield and Friends	21		
Snickelodeon EST	2026-10-12T18:37:00Z	Inspector Gadget	6		
Snickelodeon EST	2026-10-12T19:04:36Z	Tintin	32		The Adventures of Tintin
Snickelodeon EST	2026-10-12T19:31:04Z	Count Duckula	26		
Snickelodeon EST	2026-10-12T20:00:00Z	What Would You Do	1		
Snickelodeon EST	2026-10-12T20:29:50Z	Global Guts	20		
Snickelodeon EST	2026-10-12T21:00:00Z	Aaahh!!! Real Monsters	34		
Snickelodeon EST	2026-10-12T21:29:53Z	Hey Arnold!	34		
Snickelodeon EST	2026-10-12T22:00:00Z	Clarissa Explains It All	31		
Snickelodeon EST	2026-10-12T22:30:16Z	Pete and Pete	31		The Adventures of Pete & Pete
Snickelodeon EST	2026-10-12T23:00:31Z	Doug	45		
Snickelodeon EST	2026-10-12T23:30:06Z	Rugrats	71		
Snickelodeon EST	2026-10-13T00:00:00Z	Secret World Of Alex Mack	61		
Snickelodeon EST	2026-10-13T00:27:33Z	All That	1		
Snickelodeon EST	2026-10-13T00:58:18Z	Ren and Stimpy	37		The Ren & Stimpy Show
Snickelodeon EST	2026-10-13T01:28:33Z	Are You Afraid Of The Dark	61		
Snickelodeon EST	2026-10-13T02:00:00Z	Rocky and Bullwinkle	73		
Snickelodeon EST	2026-10-13T02:30:00Z	Bewitched	39		
Snickelodeon EST	2026-10-13T03:00:00Z	My Three Sons	9		
Snickelodeon EST	2026-10-13T03:29:48Z	Mister Ed	21		
Snickelodeon EST	2026-10-13T04:00:00Z	Alfred Hitchcock Presents	129		
Snickelodeon EST	2026-10-13T04:29:48Z	The Adventures of Superman	57		
Snickelodeon EST	2026-10-13T05:00:00Z	The Lucy Show	109		
Snickelodeon EST	2026-10-13T05:29:27Z	Green Acres	5		
Snickelodeon EST	2026-10-13T06:00:00Z	The Patty Duke Show	57		
Snickelodeon EST	2026-10-13T06:29:46Z	The Many Loves of Dobie Gillis	25		
Snickelodeon EST	2026-10-13T07:00:00Z	My Three Sons	9		
Snickelodeon EST	2026-10-13T07:29:48Z	Mister Ed	21		
Snickelodeon EST	2026-10-13T08:00:00Z	Alfred Hitchcock Presents	129		
Snickelodeon EST	2026-10-13T08:29:48Z	The Adventures of Superman	57		
Snickelodeon EST	2026-10-13T09:00:00Z	The Lucy Show	109		
Snickelodeon EST	2026-10-13T09:29:27Z	Green Acres	5		
Snickelodeon EST	2026-10-13T10:00:00Z	The Patty Duke Show	57		
Snickelodeon EST	2026-10-13T10:29:46Z	The Many Loves of Dobie Gillis	25		
Snickelodeon EST	2026-10-13T11:00:00Z	Fifteen	10		
Snickelodeon EST	2026-10-13T11:33:43Z	Make The Grade	54		
Snickelodeon EST	2026-10-13T12:06:29Z	Flipper The New Adventures	74		
Snickelodeon EST	2026-10-13T13:00:00Z	The Littl Bits	10		
Snickelodeon EST	2026-10-13T13:30:01Z	Mysterious Cities of Gold	37		
Snickelodeon EST	2026-10-13T13:52:28Z	Busy World of Richard Scarry	30		
Snickelodeon EST	2026-10-13T14:25:53Z	Muppet Babies	12		
Snickelodeon EST	2026-10-13T15:00:00Z	Allegras Window	12		
Snickelodeon EST	2026-10-13T15:42:45Z	Gullah Gullah Island	50		
Snickelodeon EST	2026-10-13T16:15:08Z	Little Bear	33		
Snickelodeon EST	2026-10-13T17:00:00Z	Flipper	43		
Snickelodeon EST	2026-10-13T17:31:22Z	Lassie	92		
Snickelodeon EST	2026-10-13T18:00:00Z	Gumby	48		The Gumby Show
Snickelodeon EST	2026-10-13T18:09:01Z	Alvin and the Chipmunks	57		
Snickelodeon EST	2026-10-13T18:37:59Z	Inspector Gadget	7		
Snickelodeon EST	2026-10-13T19:06:29Z	Tintin	33		The Adventures of Tintin
Snickelodeon EST	2026-10-13T19:34:17Z	BeetleJuice	61		
Snickelodeon EST	2026-10-13T20:00:00Z	Nick Arcade	31		Nickelodeon Arcade
Snickelodeon EST	2026-10-13T20:29:16Z	Legends of the Hidden Temple	19		
Snickelodeon EST	2026-10-13T21:00:00Z	Rockos Modern Life	35		
Snickelodeon EST	2026-10-13T21:29:59Z	Aaahh!!! Real Monsters	35		
Snickelodeon EST	2026-10-13T22:00:00Z	Salute Your Shorts	19		
Snickelodeon EST	2026-10-13T22:30:09Z	Hey Dude!	21		
Snickelodeon EST	2026-10-13T23:00:24Z	Doug	46		
Snickelodeon EST	2026-10-13T23:30:07Z	Rugrats	72		
Snickelodeon EST	2026-10-14T00:00:00Z	Secret World Of Alex Mack	62		
Snickelodeon EST	2026-10-14T00:31:01Z	All That	2		
Snickelodeon EST	2026-10-14T00:56:28Z	Kenan & Kel	31		
Snickelodeon EST	2026-10-14T01:28:00Z	Are You Afraid Of The Dark	62		
Snickelodeon EST	2026-10-14T02:00:00Z	Rocky and Bullwinkle	74		
Snickelodeon EST	2026-10-14T02:30:00Z	I Dream Of Jeannie	106		
Snickelodeon EST	2026-10-14T03:00:00Z	Get Smart	97		
Snickelodeon EST	2026-10-14T03:30:01Z	Dragnet	25		
Snickelodeon EST	2026-10-14T04:00:00Z	The Dick Van Dyke Show	11		
Snickelodeon EST	2026-10-14T04:29:22Z	The Mary Tyler Moore Show	129		
Snickelodeon EST	2026-10-14T05:00:00Z	Car 54, Where Are You	21		
Snickelodeon EST	2026-10-14T05:29:16Z	I Love Lucy	81		
Snickelodeon EST	2026-10-14T06:00:00Z	I Spy	17		
Snickelodeon EST	2026-10-14T07:00:00Z	Get Smart	97		
Snickelodeon EST	2026-10-14T07:30:01Z	Dragnet	25		
Snickelodeon EST	2026-10-14T08:00:00Z	The Dick Van Dyke Show	11		
Snickelodeon EST	2026-10-14T08:29:22Z	The Mary Tyler Moore Show	129		
Snickelodeon EST	2026-10-14T09:00:00Z	Car 54, Where Are You	21		
Snickelodeon EST	2026-10-14T09:29:16Z	I Love Lucy	81		
Snickelodeon EST	2026-10-14T10:00:00Z	I Spy	17		
Snickelodeon EST	2026-10-14T11:00:00Z	Land of the Lost 1991	24		
Snickelodeon EST	2026-10-14T11:32:04Z	Mr Wizard	7		
Snickelodeon EST	2026-10-14T12:06:21Z	Flipper The New Adventures	75		
Snickelodeon EST	2026-10-14T13:00:00Z	Maya the Bee	51		
Snickelodeon EST	2026-10-14T13:26:54Z	David The Gnome	25		
Snickelodeon EST	2026-10-14T13:57:44Z	Busy World of Richard Scarry	31		
Snickelodeon EST	2026-10-14T14:28:26Z	Muppet Babies	13		
Snickelodeon EST	2026-10-14T15:00:00Z	Allegras Window	13		
Snickelodeon EST	2026-10-14T15:42:39Z	Gullah Gullah Island	51		
Snickelodeon EST	2026-10-14T16:15:04Z	Little Bear	34		
Snickelodeon EST	2026-10-14T17:00:00Z	Flipper	44		
Snickelodeon EST	2026-10-14T17:31:26Z	Lassie	93		
Snickelodeon EST	2026-10-14T18:00:00Z	Gumby	49		The Gumby Show
Snickelodeon EST	2026-10-14T18:08:20Z	Garfield and Friends	22		
Snickelodeon EST	2026-10-14T18:37:26Z	Inspector Gadget	8		
Snickelodeon EST	2026-10-14T19:04:58Z	Tintin	34		The Adventures of Tintin
Snickelodeon EST	2026-10-14T19:31:38Z	Count Duckula	27		
Snickelodeon EST	2026-10-14T20:00:00Z	Family Double Dare	70		
Snickelodeon EST	2026-10-14T20:31:40Z	Nickelodeon Guts	91		
Snickelodeon EST	2026-10-14T21:00:00Z	Hey Arnold!	35		
Snickelodeon EST	2026-10-14T21:29:02Z	Rockos Modern Life	36		
Snickelodeon EST	2026-10-14T22:00:00Z	Clarissa Explains It All	32		
Snickelodeon EST	2026-10-14T22:29:45Z	Pete and Pete	32		The Adventures of Pete & Pete
Snickelodeon EST	2026-10-14T23:00:08Z	Doug	47		
Snickelodeon EST	2026-10-14T23:29:55Z	Rugrats	73		
Snickelodeon EST	2026-10-15T00:00:00Z	KaBlam!	17		
Snickelodeon EST	2026-10-15T00:30:45Z	All That	3		
Snickelodeon EST	2026-10-15T00:57:21Z	Kenan & Kel	32		
Snickelodeon EST	2026-10-15T01:28:26Z	Are You Afraid Of The Dark	63		
Snickelodeon EST	2026-10-15T02:00:00Z	Rocky and Bullwinkle	75		
Snickelodeon EST	2026-10-15T02:30:00Z	Bewitched	40		
Snickelodeon EST	2026-10-15T03:00:00Z	My Three Sons	10		
Snickelodeon EST	2026-10-15T03:29:57Z	Mister Ed	22		
Snickelodeon EST	2026-10-15T04:00:00Z	Alfred Hitchcock Presents	130		
Snickelodeon EST	2026-10-15T04:29:13Z	The Adventures of Superman	58		
Snickelodeon EST	2026-10-15T05:00:00Z	The Lucy Show	110		
Snickelodeon EST	2026-10-15T05:29:22Z	Green Acres	6		
Snickelodeon EST	2026-10-15T06:00:00Z	The Patty Duke Show	58		
Snickelodeon EST	2026-10-15T06:29:24Z	The Many Loves of Dobie Gillis	26		
Snickelodeon EST	2026-10-15T07:00:00Z	My Three Sons	10		
Snickelodeon EST	2026-10-15T07:29:57Z	Mister Ed	22		
Snickelodeon EST	2026-10-15T08:00:00Z	Alfred Hitchcock Presents	130		
Snickelodeon EST	2026-10-15T08:29:13Z	The Adventures of Superman	58		
Snickelodeon EST	2026-10-15T09:00:00Z	The Lucy Show	110		
Snickelodeon EST	2026-10-15T09:29:22Z	Green Acres	6		
Snickelodeon EST	2026-10-15T10:00:00Z	The Patty Duke Show	58		
Snickelodeon EST	2026-10-15T10:29:24Z	The Many Loves of Dobie Gillis	26		
Snickelodeon EST	2026-10-15T11:00:00Z	Fifteen	11		
Snickelodeon EST	2026-10-15T11:33:27Z	You Can't Do That on Television	11		
Snickelodeon EST	2026-10-15T12:06:38Z	Flipper The New Adventures	76		
Snickelodeon EST	2026-10-15T13:00:00Z	Noozles	25		
Snickelodeon EST	2026-10-15T13:29:13Z	Grimms Fairy Tale Classics	7		
Snickelodeon EST	2026-10-15T13:53:47Z	Busy World of Richard Scarry	32		
Snickelodeon EST	2026-10-15T14:26:34Z	Muppet Babies	14		
Snickelodeon EST	2026-10-15T15:00:00Z	Allegras Window	14		
Snickelodeon EST	2026-10-15T15:42:39Z	Gullah Gullah Island	52		
Snickelodeon EST	2026-10-15T16:14:59Z	Little Bear	35		
Snickelodeon EST	2026-10-15T17:00:00Z	Flipper	45		
Snickelodeon EST	2026-10-15T17:31:20Z	Lassie	94		
Snickelodeon EST	2026-10-15T18:00:00Z	Gumby	50		The Gumby Show
Snickelodeon EST	2026-10-15T18:08:58Z	Alvin and the Chipmunks	58		
Snickelodeon EST	2026-10-15T18:38:00Z	Inspector Gadget	9		
Snickelodeon EST	2026-10-15T19:06:36Z	Tintin	35		The Adventures of Tintin
Snickelodeon EST	2026-10-15T19:34:15Z	BeetleJuice	62		
Snickelodeon EST	2026-10-15T20:00:00Z	Wild and Crazy Kids	8		
Snickelodeon EST	2026-10-15T20:31:43Z	Figure it Out Family Style	4		
Snickelodeon EST	2026-10-15T21:00:00Z	Aaahh!!! Real Monsters	36		
Snickelodeon EST	2026-10-15T21:29:49Z	Hey Arnold!	36		
Snickelodeon EST	2026-10-15T22:00:00Z	Salute Your Shorts	20		
Snickelodeon EST	2026-10-15T22:30:14Z	Hey Dude!	22		
Snickelodeon EST	2026-10-15T23:00:31Z	Doug	48		
Snickelodeon EST	2026-10-15T23:30:13Z	Rugrats	74		
Snickelodeon EST	2026-10-16T00:00:00Z	Secret World Of Alex Mack	63		
Snickelodeon EST	2026-10-16T00:31:10Z	All That	4		
Snickelodeon EST	2026-10-16T00:57:10Z	Kenan & Kel	33		
Snickelodeon EST	2026-10-16T01:28:20Z	Are You Afraid Of The Dark	64		
Snickelodeon EST	2026-10-16T02:00:00Z	Rocky and Bullwinkle	76		
Snickelodeon EST	2026-10-16T02:30:00Z	I Dream Of Jeannie	107		
Snickelodeon EST	2026-10-16T03:00:00Z	Get Smart	98		
Snickelodeon EST	2026-10-16T03:29:44Z	Dragnet	26		
Snickelodeon EST	2026-10-16T04:00:00Z	The Dick Van Dyke Show	12		
Snickelodeon EST	2026-10-16T04:29:04Z	The Mary Tyler Moore Show	130		
Snickelodeon EST	2026-10-16T05:00:00Z	Car 54, Where Are You	22		
Snickelodeon EST	2026-10-16T05:29:10Z	I Love Lucy	82		
Snickelodeon EST	2026-10-16T06:00:00Z	I Spy	18		
Snickelodeon EST	2026-10-16T07:00:00Z	Get Smart	98		
Snickelodeon EST	2026-10-16T07:29:44Z	Dragnet	26		
Snickelodeon EST	2026-10-16T08:00:00Z	The Dick Van Dyke Show	12		
Snickelodeon EST	2026-10-16T08:29:04Z	The Mary Tyler Moore Show	130		
Snickelodeon EST	2026-10-16T09:00:00Z	Car 54, Where Are You	22		
Snickelodeon EST	2026-10-16T09:29:10Z	I Love Lucy	82		
Snickelodeon EST	2026-10-16T10:00:00Z	I Spy	18		
Snickelodeon EST	2026-10-16T11:00:00Z	Land of the Lost 1991	25		
Snickelodeon EST	2026-10-16T11:32:08Z	Make The Grade	55		
Snickelodeon EST	2026-10-16T12:05:44Z	Flipper The New Adventures	77		
Snickelodeon EST	2026-10-16T13:00:00Z	The Littl Bits	11		
Snickelodeon EST	2026-10-16T13:26:04Z	Mysterious Cities of Gold	38		
Snickelodeon EST	2026-10-16T13:58:55Z	Busy World of Richard Scarry	33		
Snickelodeon EST	2026-10-16T14:28:50Z	Muppet Babies	15		
Snickelodeon EST	2026-10-16T15:00:00Z	Allegras Window	15		
Snickelodeon EST	2026-10-16T15:42:38Z	Gullah Gullah Island	53		
Snickelodeon EST	2026-10-16T16:14:58Z	Little Bear	36		
Snickelodeon EST	2026-10-16T17:00:00Z	Flipper	46		
Snickelodeon EST	2026-10-16T17:31:29Z	Lassie	95		
Snickelodeon EST	2026-10-16T18:00:00Z	Gumby	51		The Gumby Show
Snickelodeon EST	2026-10-16T18:08:12Z	Garfield and Friends	23		
Snickelodeon EST	2026-10-16T18:37:48Z	Inspector Gadget	10		
Snickelodeon EST	2026-10-16T19:06:13Z	Tintin	36		The Adventures of Tintin
Snickelodeon EST	2026-10-16T19:34:05Z	Count Duckula	28		
Snickelodeon EST	2026-10-16T20:00:00Z	What Would You Do	2		
Snickelodeon EST	2026-10-16T20:29:49Z	Global Guts	21		
Snickelodeon EST	2026-10-16T21:00:00Z	Rockos Modern Life	37		
Snickelodeon EST	2026-10-16T21:30:23Z	Aaahh!!! Real Monsters	37		
Snickelodeon EST	2026-10-16T22:00:00Z	Clarissa Explains It All	33		
Snickelodeon EST	2026-10-16T22:30:39Z	My Brother and Me	8		
Snickelodeon EST	2026-10-16T23:01:31Z	Doug	49		
Snickelodeon EST	2026-10-16T23:31:08Z	Rugrats	75		
Snickelodeon EST	2026-10-17T00:00:00Z	Secret World Of Alex Mack	64		
Snickelodeon EST	2026-10-17T00:31:25Z	All That	5		
Snickelodeon EST	2026-10-17T00:56:34Z	Animorphs	7		
Snickelodeon EST	2026-10-17T01:28:06Z	Are You Afraid Of The Dark	65		
Snickelodeon EST	2026-10-17T02:00:00Z	Rocky and Bullwinkle	77		
Snickelodeon EST	2026-10-17T02:30:00Z	The Munsters	31		
Snickelodeon EST	2026-10-17T03:00:00Z	Get Smart	99		
Snickelodeon EST	2026-10-17T03:29:55Z	Dragnet	27		
Snickelodeon EST	2026-10-17T04:00:00Z	Alfred Hitchcock Presents	131		
Snickelodeon EST	2026-10-17T04:29:39Z	The Adventures of Superman	59		
Snickelodeon EST	2026-10-17T05:00:00Z	The Lucy Show	111		
Snickelodeon EST	2026-10-17T05:29:43Z	Green Acres	7		
Snickelodeon EST	2026-10-17T06:00:00Z	The Patty Duke Show	59		
Snickelodeon EST	2026-10-17T06:29:43Z	The Many Loves of Dobie Gillis	27		
Snickelodeon EST	2026-10-17T07:00:00Z	Get Smart	99		
Snickelodeon EST	2026-10-17T07:29:55Z	Dragnet	27		
Snickelodeon EST	2026-10-17T08:00:00Z	Alfred Hitchcock Presents	131		
Snickelodeon EST	2026-10-17T08:29:39Z	The Adventures of Superman	59		
Snickelodeon EST	2026-10-17T09:00:00Z	The Lucy Show	111		
Snickelodeon EST	2026-10-17T09:29:43Z	Green Acres	7		
Snickelodeon EST	2026-10-17T10:00:00Z	The Patty Duke Show	59		
Snickelodeon EST	2026-10-17T10:29:43Z	The Many Loves of Dobie Gillis	27		
Snickelodeon EST	2026-10-17T11:00:00Z	Fifteen	12		
Snickelodeon EST	2026-10-17T11:33:28Z	Mr Wizard	8		
Snickelodeon EST	2026-10-17T12:06:46Z	Flipper The New Adventures	78		
Snickelodeon EST	2026-10-17T13:00:00Z	Maya the Bee	52		
Snickelodeon EST	2026-10-17T13:27:15Z	David The Gnome	26		
Snickelodeon EST	2026-10-17T13:59:59Z	Busy World of Richard Scarry	34		
Snickelodeon EST	2026-10-17T14:31:05Z	Muppet Babies	16		
Snickelodeon EST	2026-10-17T15:00:00Z	Allegras Window	16		
Snickelodeon EST	2026-10-17T15:44:03Z	Gullah Gullah Island	54		
Snickelodeon EST	2026-10-17T16:15:55Z	Little Bear	37		
Snickelodeon EST	2026-10-17T17:00:00Z	Flipper	47		
Snickelodeon EST	2026-10-17T17:30:41Z	Lassie	96		
Snickelodeon EST	2026-10-17T18:00:00Z	Weinerville	9		
Snickelodeon EST	2026-10-17T18:33:08Z	Gumby	1		The Gumby Show
Snickelodeon EST	2026-10-17T18:40:48Z	Alvin and the Chipmunks	59		
Snickelodeon EST	2026-10-17T19:07:39Z	Inspector Gadget	11		
Snickelodeon EST	2026-10-17T19:34:17Z	Tintin	37		The Adventures of Tintin
Snickelodeon EST	2026-10-17T20:00:00Z	Finders Keepers	21		
Snickelodeon EST	2026-10-17T20:29:43Z	Get The Picture	18		
Snickelodeon EST	2026-10-17T21:00:00Z	Angry Beavers	35		
Snickelodeon EST	2026-10-17T21:30:02Z	CatDog	59		
Snickelodeon EST	2026-10-17T22:00:00Z	The Tomorrow People	1		
Snickelodeon EST	2026-10-17T22:29:39Z	Pete and Pete	33		The Adventures of Pete & Pete
Snickelodeon EST	2026-10-17T23:00:07Z	Doug	50		
Snickelodeon EST	2026-10-17T23:29:56Z	Rugrats	76		
Snickelodeon EST	2026-10-18T00:00:00Z	KaBlam!	18		
Snickelodeon EST	2026-10-18T00:31:24Z	All That	6		
Snickelodeon EST	2026-10-18T00:57:17Z	Animorphs	8		
Snickelodeon EST	2026-10-18T01:28:33Z	Are You Afraid Of The Dark	1		
Snickelodeon EST	2026-10-18T02:00:00Z	Fireball XL5	11		
Snickelodeon EST	2026-10-18T02:30:00Z	Space 1999	17		
Snickelodeon EST	2026-10-18T03:30:00Z	Joe 90	11		
Snickelodeon EST	2026-10-18T03:59:06Z	Stingray	11		
Snickelodeon EST	2026-10-18T04:30:00Z	Captain Scarlet and the Mysterons	17		
Snickelodeon EST	2026-10-18T05:00:00Z	UFO	11		
Snickelodeon EST	2026-10-18T06:00:00Z	F Troop	15		
Snickelodeon EST	2026-10-18T06:33:24Z	Welcome Back Kotter	41		
Snickelodeon EST	2026-10-18T07:00:00Z	Space 1999	17		
Snickelodeon EST	2026-10-18T08:00:00Z	Joe 90	11		
Snickelodeon EST	2026-10-18T08:29:06Z	Stingray	11		
Snickelodeon EST	2026-10-18T09:00:00Z	Captain Scarlet and the Mysterons	17		
Snickelodeon EST	2026-10-18T09:30:00Z	UFO	11		
Snickelodeon EST	2026-10-18T10:30:00Z	F Troop	15		
Snickelodeon EST	2026-10-18T11:00:00Z	Land of the Lost 1991	26		
Snickelodeon EST	2026-10-18T11:03:24Z	Welcome Back Kotter	41		
Snickelodeon EST	2026-10-18T11:31:48Z	You Can't Do That on Television	12		
Snickelodeon EST	2026-10-18T12:05:58Z	Flipper The New Adventures	79		
Snickelodeon EST	2026-10-18T13:00:00Z	Noozles	26		
Snickelodeon EST	2026-10-18T13:28:01Z	Grimms Fairy Tale Classics	8		
Snickelodeon EST	2026-10-18T13:55:57Z	Busy World of Richard Scarry	35		
Snickelodeon EST	2026-10-18T14:27:40Z	Muppet Babies	17		
Snickelodeon EST	2026-10-18T15:00:00Z	Allegras Window	17		
Snickelodeon EST	2026-10-18T15:42:34Z	Gullah Gullah Island	55		
Snickelodeon EST	2026-10-18T16:14:58Z	Little Bear	38		
Snickelodeon EST	2026-10-18T17:00:00Z	Flipper	48		
Snickelodeon EST	2026-10-18T17:31:00Z	Lassie	97		
Snickelodeon EST	2026-10-18T18:00:00Z	Weinerville	10		
Snickelodeon EST	2026-10-18T18:31:33Z	Gumby	2		The Gumby Show
Snickelodeon EST	2026-10-18T18:38:06Z	Garfield and Friends	24		
Snickelodeon EST	2026-10-18T19:06:31Z	Inspector Gadget	12		
Snickelodeon EST	2026-10-18T19:33:39Z	Tintin	38		The Adventures of Tintin
Snickelodeon EST	2026-10-18T20:00:00Z	Super Sloppy Double Dare	58		
Snickelodeon EST	2026-10-18T20:28:30Z	Nickelodeon Guts	92		
Snickelodeon EST	2026-10-18T21:00:00Z	The Wild Thornberrys	37		
Snickelodeon EST	2026-10-18T22:00:00Z	Cousin Skeeter	9		
Snickelodeon EST	2026-10-18T22:30:02Z	My Brother and Me	9		
Snickelodeon EST	2026-10-18T23:00:21Z	Doug	51		
Snickelodeon EST	2026-10-18T23:29:41Z	Rugrats	77		
Snickelodeon EST	2026-10-19T00:00:00Z	Gold Diggers The Secret of Bear Mountain			
Snickelodeon EST	2026-10-19T02:00:00Z	Rocky and Bullwinkle	78		
Snickelodeon EST	2026-10-19T02:30:00Z	The Munsters	32		
Snickelodeon EST	2026-10-19T03:00:00Z	The Brady Bunch	99		
Snickelodeon EST	2026-10-19T03:29:40Z	The Brady Bunch	100		
Snickelodeon EST	2026-10-19T04:00:00Z	Sgt. Bilko	115		sgt. bilko
Snickelodeon EST	2026-10-19T04:30:13Z	The Bob Newhart Show	117		
Snickelodeon EST	2026-10-19T05:00:00Z	Rhoda	41		
Snickelodeon EST	2026-10-19T05:29:27Z	F Troop	16		
Snickelodeon EST	2026-10-19T06:00:00Z	Taxi	59		
Snickelodeon EST	2026-10-19T06:30:59Z	Welcome Back Kotter	42		
Snickelodeon EST	2026-10-19T07:00:00Z	The Brady Bunch	99		
Snickelodeon EST	2026-10-19T07:29:40Z	The Brady Bunch	100		
Snickelodeon EST	2026-10-19T08:00:00Z	Sgt. Bilko	115		sgt. bilko
Snickelodeon EST	2026-10-19T08:30:13Z	The Bob Newhart Show	117		
Snickelodeon EST	2026-10-19T09:00:00Z	Rhoda	41		
Snickelodeon EST	2026-10-19T09:29:27Z	F Troop	16		
Snickelodeon EST	2026-10-19T10:00:00Z	Taxi	59		
Snickelodeon EST	2026-10-19T10:30:59Z	Welcome Back Kotter	42		
Toonami Aftermath EST	2026-10-05T16:00:30Z	X-Men	46	A Deal with the Devil	
Toonami Aftermath EST	2026-10-05T16:21:07Z	Mega Man	22	Campus Commandos	
Toonami Aftermath EST	2026-10-05T16:46:30Z	Men in Black	37	The Bad Doggie Syndrome	Men in Black: The Series
Toonami Aftermath EST	2026-10-05T17:08:45Z	Street Fighter II V	25	Fight to the Finish (Round One)	Street Fighter II: V
Toonami Aftermath EST	2026-10-05T17:33:37Z	Spider-Man	56	Six Forgotten Warriors, Chapter III: Secrets of the Six	
Toonami Aftermath EST	2026-10-05T17:56:01Z	Thundercats	5	Pumm-Ra	
Toonami Aftermath EST	2026-10-05T18:18:45Z	Saint Seiya	26	Friend or Foe! Steel Saints	
Toonami Aftermath EST	2026-10-05T18:43:24Z	Mobile Suit Gundam	34	The Glory of Solomon	
Toonami Aftermath EST	2026-10-05T19:08:02Z	Robotech	53	The Hunters	
Toonami Aftermath EST	2026-10-05T19:32:44Z	Reboot	29	Where No Sprite Has Gone Before	
Toonami Aftermath EST	2026-10-05T20:00:00Z	Pokemon	3	Ash Catches a Pokemon	
Toonami Aftermath EST	2026-10-05T20:29:58Z	Teen Titans	6	Nevermore	
Toonami Aftermath EST	2026-10-05T21:01:30Z	Dragonball	149	Dress in Flames	Dragon Ball
Toonami Aftermath EST	2026-10-05T21:26:04Z	Sailor Moon	82	Follow The Leader	
Toonami Aftermath EST	2026-10-05T21:48:59Z	DBZ	46	Big Trouble for Bulma	Dragon Ball Z
Toonami Aftermath EST	2026-10-05T22:13:36Z	DBZ	47	Scramble for the Dragon Balls	Dragon Ball Z
Toonami Aftermath EST	2026-10-05T22:38:37Z	Zoids	11	The Sensational Three - Rematch with Jack Sisco	
Toonami Aftermath EST	2026-10-05T23:00:20Z	Scooby-Doo and The Legend Of The Vampire			
Toonami Aftermath EST	2026-10-06T00:13:54Z	Powerpuff Girls	3	Octi Evil / Geshundfight	The Powerpuff Girls
Toonami Aftermath EST	2026-10-06T00:37:28Z	Ed Edd Eddy	6	A Pinch to Grow An Ed	Ed Edd n' Eddy
Toonami Aftermath EST	2026-10-06T00:49:06Z	I Am Weasel	41	I Am Cliched	
Toonami Aftermath EST	2026-10-06T01:01:30Z	Dragonball	150	The Fire-Eater	Dragon Ball
Toonami Aftermath EST	2026-10-06T01:24:48Z	Sailor Moon	83	Star Struck, Bad Luck	
Toonami Aftermath EST	2026-10-06T01:49:10Z	DBZ	48	Arrival of The Ginyu Force	Dragon Ball Z
Toonami Aftermath EST	2026-10-06T02:12:36Z	DBZ	49	Elite Fighters of The Universe..	Dragon Ball Z
Toonami Aftermath EST	2026-10-06T02:36:24Z	Gundam Wing	28	Passing Destinies (Recap)	
Toonami Aftermath EST	2026-10-06T03:01:13Z	Space Ghost C2C	91		Space Ghost Coast to Coast
Toonami Aftermath EST	2026-10-06T03:14:31Z	Home Movies	21	Therapy (Part 2)	
Toonami Aftermath EST	2026-10-06T03:39:04Z	Dr Katz	21	Blind Date	Dr. Katz
Toonami Aftermath EST	2026-10-06T04:01:30Z	Full Metal Alchemist	45	A Rotted Heart	
Toonami Aftermath EST	2026-10-06T04:26:24Z	Yu Yu Hakusho	74	Sleep, Doctor, Sleep	Yu Yu Hakusho: Ghost Files
Toonami Aftermath EST	2026-10-06T04:50:37Z	Rurouni Kenshin	46	Purgatory Bursts into Flames: The Destiny of Makoto Shishio	Rurouni Kenshin
Toonami Aftermath EST	2026-10-06T05:12:52Z	Lupin III	8	Disorient Express	Lupin the 3rd
Toonami Aftermath EST	2026-10-06T05:36:10Z	Ranma	11	Ranma Meets Love Head-On! Enter the Delinquent Juvenile Gymnast!	Ranma 1/2
Toonami Aftermath EST	2026-10-06T06:00:00Z	Record of Lodoss War TV	14	Doorway... The Truth Proclaimed	Record of Lodoss War: Chronicles of the Heroic Knight
Toonami Aftermath EST	2026-10-06T06:29:01Z	12 oz Mouse	2	Signals	
Toonami Aftermath EST	2026-10-06T06:44:08Z	Android Kikaider	12	The Machine That Dreams	
Toonami Aftermath EST	2026-10-06T07:10:12Z	Shin Chan	1	Pee Strike	
Toonami Aftermath EST	2026-10-06T07:34:54Z	Nadia - Secret of Blue Water	2	The Little Fugitives	Nadia: The Secret of Blue Water
Toonami Aftermath EST	2026-10-06T08:00:00Z	Pokemon	3	Ash Catches a Pokemon	
Toonami Aftermath EST	2026-10-06T08:29:58Z	Teen Titans	6	Nevermore	
Toonami Aftermath EST	2026-10-06T09:01:30Z	Dragonball	149	Dress in Flames	Dragon Ball
Toonami Aftermath EST	2026-10-06T09:26:04Z	Sailor Moon	82	Follow The Leader	
Toonami Aftermath EST	2026-10-06T09:48:59Z	DBZ	46	Big Trouble for Bulma	Dragon Ball Z
Toonami Aftermath EST	2026-10-06T10:13:36Z	DBZ	47	Scramble for the Dragon Balls	Dragon Ball Z
Toonami Aftermath EST	2026-10-06T10:38:37Z	Zoids	11	The Sensational Three - Rematch with Jack Sisco	
Toonami Aftermath EST	2026-10-06T11:00:20Z	Scooby-Doo and The Legend Of The Vampire			
Toonami Aftermath EST	2026-10-06T12:13:54Z	Powerpuff Girls	3	Octi Evil / Geshundfight	The Powerpuff Girls
Toonami Aftermath EST	2026-10-06T12:37:28Z	Ed Edd Eddy	6	A Pinch to Grow An Ed	Ed Edd n' Eddy
Toonami Aftermath EST	2026-10-06T12:49:06Z	I Am Weasel	41	I Am Cliched	
Toonami Aftermath EST	2026-10-06T13:01:30Z	Dragonball	150	The Fire-Eater	Dragon Ball
Toonami Aftermath EST	2026-10-06T13:24:48Z	Sailor Moon	83	Star Struck, Bad Luck	
Toonami Aftermath EST	2026-10-06T13:49:10Z	DBZ	48	Arrival of The Ginyu Force	Dragon Ball Z
Toonami Aftermath EST	2026-10-06T14:12:36Z	DBZ	49	Elite Fighters of The Universe..	Dragon Ball Z
Toonami Aftermath EST	2026-10-06T14:36:24Z	Gundam Wing	28	Passing Destinies (Recap)	
Toonami Aftermath EST	2026-10-06T15:01:13Z	Space Ghost C2C	91		Space Ghost Coast to Coast
Toonami Aftermath EST	2026-10-06T15:14:31Z	Home Movies	21	Therapy (Part 2)	
Toonami Aftermath EST	2026-10-06T15:39:04Z	Dr Katz	21	Blind Date	Dr. Katz
Toonami Aftermath EST	2026-10-06T16:00:30Z	X-Men	47	Sanctuary (Part 1)	
Toonami Aftermath EST	2026-10-06T16:22:05Z	Mega Man	23	Brain Bots	
Toonami Aftermath EST	2026-10-06T16:47:08Z	Men in Black	38	The "J" is for James Syndrome	Men in Black: The Series
Toonami Aftermath EST	2026-10-06T17:09:09Z	Street Fighter II V	26	Fight to the Finish (Round Two)	Street Fighter II: V
Toonami Aftermath EST	2026-10-06T17:33:39Z	Spider-Man	57	Six Forgotten Warriors, Chapter IV: The Six Fight Again	
Toonami Aftermath EST	2026-10-06T17:55:30Z	Silverhawks	57	Battle Cruiser	
Toonami Aftermath EST	2026-10-06T18:18:18Z	Saint Seiya	27	Stone Seiya! Shield of Medusa	
Toonami Aftermath EST	2026-10-06T18:43:14Z	Mobile Suit Gundam	35	Big Zam's Last Stand	
Toonami Aftermath EST	2026-10-06T19:08:02Z	Robotech	54	Mind Game	
Toonami Aftermath EST	2026-10-06T19:33:05Z	Reboot	30	Number 7	
Toonami Aftermath EST	2026-10-06T20:00:00Z	Pokemon	4	Challenge of the Samurai	
Toonami Aftermath EST	2026-10-06T20:29:45Z	Batman	18	The Forgotten	Batman: The Animated Series
Toonami Aftermath EST	2026-10-06T21:01:30Z	Dragonball	151	Outrageous Octagon	Dragon Ball
Toonami Aftermath EST	2026-10-06T21:25:26Z	Sailor Moon	84	Crystal Clear Again	
Toonami Aftermath EST	2026-10-06T21:50:03Z	DBZ	50	Time Tricks and Body Binds	Dragon Ball Z
Toonami Aftermath EST	2026-10-06T22:13:49Z	DBZ	51	No Refuge from Recoome	Dragon Ball Z
Toonami Aftermath EST	2026-10-06T22:38:08Z	Zoids	12	Zero is Stolen - The Fiery Battle	
Toonami Aftermath EST	2026-10-06T23:01:00Z	The Dark Crystal			
Toonami Aftermath EST	2026-10-07T00:35:47Z	Courage the Cowardly Dog	3	Courage Meets Bigfoot / Hothead	
Toonami Aftermath EST	2026-10-07T01:01:30Z	Dragonball	152	Mystery of the Dark World	Dragon Ball
Toonami Aftermath EST	2026-10-07T01:25:04Z	Sailor Moon	85	Driving Dangerously	
Toonami Aftermath EST	2026-10-07T01:49:26Z	DBZ	52	Enter Goku	Dragon Ball Z
Toonami Aftermath EST	2026-10-07T02:12:48Z	DBZ	53	Goku... Super Saiyan?	Dragon Ball Z
Toonami Aftermath EST	2026-10-07T02:36:23Z	Gundam Wing	29	The Heroine of the Battlefield	
Toonami Aftermath EST	2026-10-07T03:01:28Z	Space Ghost C2C	92		Space Ghost Coast to Coast
Toonami Aftermath EST	2026-10-07T03:14:21Z	Home Movies	22	Class Trip	
Toonami Aftermath EST	2026-10-07T03:37:27Z	Cartoon Planet	3	Love That Brak!	
Toonami Aftermath EST	2026-10-07T04:01:30Z	Full Metal Alchemist	46	Human Transmutation	
Toonami Aftermath EST	2026-10-07T04:26:23Z	Yu Yu Hakusho	75	Caught in the Rain	Yu Yu Hakusho: Ghost Files
Toonami Aftermath EST	2026-10-07T04:50:35Z	Rurouni Kenshin	47	Crash! The Lethal Punch: The Fist of Sonosuke Screams!	Rurouni Kenshin
Toonami Aftermath EST	2026-10-07T05:12:51Z	Lupin III	9	Now Museum, Now You Don't	Lupin the 3rd
Toonami Aftermath EST	2026-10-07T05:36:10Z	Ranma	12	A Woman's Love is War! The Martial Arts Rhythmic Gymnastics Challenge!	Ranma 1/2
Toonami Aftermath EST	2026-10-07T06:00:00Z	Record of Lodoss War TV	15	An Old Enemy... Reunion with the Black Knight	Record of Lodoss War: Chronicles of the Heroic Knight
Toonami Aftermath EST	2026-10-07T06:30:45Z	Sealab 2021	43	Sharko's Machine	
Toonami Aftermath EST	2026-10-07T06:47:20Z	Android Kikaider	13	The End of the Dream (Finale)	
Toonami Aftermath EST	2026-10-07T07:17:21Z	Cromartie High School	2	Blade Runners High	
Toonami Aftermath EST	2026-10-07T07:34:54Z	Nadia - Secret of Blue Water	3	The Riddle of the Giant Sea Monsters	Nadia: The Secret of Blue Water
Toonami Aftermath EST	2026-10-07T08:00:00Z	Pokemon	4	Challenge of the Samurai	
Toonami Aftermath EST	2026-10-07T08:29:45Z	Batman	18	The Forgotten	Batman: The Animated Series
Toonami Aftermath EST	2026-10-07T09:01:30Z	Dragonball	151	Outrageous Octagon	Dragon Ball
Toonami Aftermath EST	2026-10-07T09:25:26Z	Sailor Moon	84	Crystal Clear Again	
Toonami Aftermath EST	2026-10-07T09:50:03Z	DBZ	50	Time Tricks and Body Binds	Dragon Ball Z
Toonami Aftermath EST	2026-10-07T10:13:49Z	DBZ	51	No Refuge from Recoome	Dragon Ball Z
Toonami Aftermath EST	2026-10-07T10:38:08Z	Zoids	12	Zero is Stolen - The Fiery Battle	
Toonami Aftermath EST	2026-10-07T11:01:00Z	The Dark Crystal			
Toonami Aftermath EST	2026-10-07T12:35:47Z	Courage the Cowardly Dog	3	Courage Meets Bigfoot / Hothead	
Toonami Aftermath EST	2026-10-07T13:01:30Z	Dragonball	152	Mystery of the Dark World	Dragon Ball
Toonami Aftermath EST	2026-10-07T13:25:04Z	Sailor Moon	85	Driving Dangerously	
Toonami Aftermath EST	2026-10-07T13:49:26Z	DBZ	52	Enter Goku	Dragon Ball Z
Toonami Aftermath EST	2026-10-07T14:12:48Z	DBZ	53	Goku... Super Saiyan?	Dragon Ball Z
Toonami Aftermath EST	2026-10-07T14:36:23Z	Gundam Wing	29	The Heroine of the Battlefield	
Toonami Aftermath EST	2026-10-07T15:01:28Z	Space Ghost C2C	92		Space Ghost Coast to Coast
Toonami Aftermath EST	2026-10-07T15:14:21Z	Home Movies	22	Class Trip	
Toonami Aftermath EST	2026-10-07T15:37:27Z	Cartoon Planet	3	Love That Brak!	
Toonami Aftermath EST	2026-10-07T16:00:30Z	X-Men	48	Sanctuary (Part 2)	
Toonami Aftermath EST	2026-10-07T16:21:25Z	Mega Man	24	Bro Bots	
Toonami Aftermath EST	2026-10-07T16:46:30Z	Men in Black	39	The Musical Chairs Syndrome	Men in Black: The Series
Toonami Aftermath EST	2026-10-07T17:08:40Z	Street Fighter II V	27	Fight to the Finish (Round Three)	Street Fighter II: V
Toonami Aftermath EST	2026-10-07T17:33:38Z	Spider-Man	58	Six Forgotten Warriors, Chapter V: The Price of Heroism	
Toonami Aftermath EST	2026-10-07T17:56:00Z	Thundercats	6	The Terror of Hammerhand	
Toonami Aftermath EST	2026-10-07T18:18:34Z	Saint Seiya	28	Dragon! Victory of Self-Sacrifice	
Toonami Aftermath EST	2026-10-07T18:43:14Z	Mobile Suit Gundam	36	The Duel in Texas	
Toonami Aftermath EST	2026-10-07T19:07:36Z	Robotech	55	Dana In Wonderland	
Toonami Aftermath EST	2026-10-07T19:32:04Z	Reboot	31	The Episode With No Name	
Toonami Aftermath EST	2026-10-07T20:00:00Z	Pokemon	5	Showdown in Pewter City	
Toonami Aftermath EST	2026-10-07T20:30:01Z	Teen Titans	7	Switched	
Toonami Aftermath EST	2026-10-07T21:01:30Z	Dragonball	153	The End, the Beginning	Dragon Ball
Toonami Aftermath EST	2026-10-07T21:26:55Z	Sailor Moon	86	Bad Harmony	
Toonami Aftermath EST	2026-10-07T21:52:17Z	DBZ	54	Ginyu Assault	Dragon Ball Z
Toonami Aftermath EST	2026-10-07T22:15:36Z	DBZ	55	Incredible Force	Dragon Ball Z
Toonami Aftermath EST	2026-10-07T22:38:37Z	Zoids	13	The Brave Wild Eagle - The Raynos vs. The Zabat	
Toonami Aftermath EST	2026-10-07T23:00:29Z	DBZ Abridged - Celloween			
Toonami Aftermath EST	2026-10-07T23:04:35Z	DBZ Abridged	16	A Lovely bunch of Dragonballs	Dragon Ball Z: Abridged
Toonami Aftermath EST	2026-10-07T23:16:01Z	DBZ Abridged	17	It's A Mad, Mad, Mad, Mad Saiyan	Dragon Ball Z: Abridged
Toonami Aftermath EST	2026-10-07T23:28:00Z	DBZ Abridged	18	Arrival of Fear!! Salute, Ginyu Special Squadron!!	Dragon Ball Z: Abridged
Toonami Aftermath EST	2026-10-07T23:38:01Z	DBZ Abridged	19	Namekimania 2011	Dragon Ball Z: Abridged
Toonami Aftermath EST	2026-10-07T23:49:52Z	DBZ Abridged	20	Stop! Celebrate and Witness, Goku's Back From 100X Fitness!	Dragon Ball Z: Abridged
Toonami Aftermath EST	2026-10-08T00:00:58Z	Powerpuff Girls	4	Buttercrush / Fuzzy Logic	The Powerpuff Girls
Toonami Aftermath EST	2026-10-08T00:23:23Z	Ed Edd Eddy	7	Dawn of the Eds	Ed Edd n' Eddy
Toonami Aftermath EST	2026-10-08T00:34:50Z	Dexters Laboratory	119	Framed	Dexter's Laboratory
Toonami Aftermath EST	2026-10-08T00:42:45Z	2 Stupid Dogs	35	Scirocco Mole	
Toonami Aftermath EST	2026-10-08T00:50:57Z	Johnny Bravo	128	20,000 Leagues Over My Head	
Toonami Aftermath EST	2026-10-08T01:01:30Z	Dragonball	1	Bulma and Son Goku	Dragon Ball
Toonami Aftermath EST	2026-10-08T01:26:09Z	Sailor Moon	87	Swept Off Her Feet	
Toonami Aftermath EST	2026-10-08T01:51:13Z	DBZ	56	Frieza Approaches	Dragon Ball Z
Toonami Aftermath EST	2026-10-08T02:13:52Z	DBZ	57	Goku is Ginyu and Ginyu is Goku	Dragon Ball Z
Toonami Aftermath EST	2026-10-08T02:36:23Z	Gundam Wing	30	The Reunion with Relena	
Toonami Aftermath EST	2026-10-08T03:03:30Z	Space Ghost C2C	1		Space Ghost Coast to Coast
Toonami Aftermath EST	2026-10-08T03:17:59Z	Home Movies	23	History	
Toonami Aftermath EST	2026-10-08T03:44:15Z	Brak Show	15	The New Brak	
Toonami Aftermath EST	2026-10-08T04:01:30Z	Full Metal Alchemist	47	Sealing the Homunculus	
Toonami Aftermath EST	2026-10-08T04:26:24Z	Yu Yu Hakusho	76	Kuwabara: Awakening	Yu Yu Hakusho: Ghost Files
Toonami Aftermath EST	2026-10-08T04:50:42Z	Rurouni Kenshin	48	Reborn to Salvation: The Beginning of Anji's New Life	Rurouni Kenshin
Toonami Aftermath EST	2026-10-08T05:13:00Z	Lupin III	10	ZenigataCon	Lupin the 3rd
Toonami Aftermath EST	2026-10-08T05:36:28Z	Ranma	13	A Tear in a Girl-Delinquent's Eye? The End of the Martial Arts Rhythmic Gymnastics Challenge!	Ranma 1/2
Toonami Aftermath EST	2026-10-08T06:00:00Z	Record of Lodoss War TV	16	The Holy City... Pursuing a Clue	Record of Lodoss War: Chronicles of the Heroic Knight
Toonami Aftermath EST	2026-10-08T06:29:08Z	Aqua Teen Hunger Force	69	Robots Everywhere	
Toonami Aftermath EST	2026-10-08T06:44:32Z	Serial Experiments Lain	1	Weird	
Toonami Aftermath EST	2026-10-08T07:08:49Z	Shin Chan	2	To Be A Man	
Toonami Aftermath EST	2026-10-08T07:34:54Z	Nadia - Secret of Blue Water	4	Nautilus, The Fantastic Submarine	Nadia: The Secret of Blue Water
Toonami Aftermath EST	2026-10-08T08:00:00Z	Pokemon	5	Showdown in Pewter City	
Toonami Aftermath EST	2026-10-08T08:30:01Z	Teen Titans	7	Switched	
Toonami Aftermath EST	2026-10-08T09:01:30Z	Dragonball	153	The End, the Beginning	Dragon Ball
Toonami Aftermath EST	2026-10-08T09:26:55Z	Sailor Moon	86	Bad Harmony	
Toonami Aftermath EST	2026-10-08T09:52:17Z	DBZ	54	Ginyu Assault	Dragon Ball Z
Toonami Aftermath EST	2026-10-08T10:15:36Z	DBZ	55	Incredible Force	Dragon Ball Z
Toonami Aftermath EST	2026-10-08T10:38:37Z	Zoids	13	The Brave Wild Eagle - The Raynos vs. The Zabat	
Toonami Aftermath EST	2026-10-08T11:00:29Z	DBZ Abridged - Celloween			
Toonami Aftermath EST	2026-10-08T11:04:35Z	DBZ Abridged	16	A Lovely bunch of Dragonballs	Dragon Ball Z: Abridged
Toonami Aftermath EST	2026-10-08T11:16:01Z	DBZ Abridged	17	It's A Mad, Mad, Mad, Mad Saiyan	Dragon Ball Z: Abridged
Toonami Aftermath EST	2026-10-08T11:28:00Z	DBZ Abridged	18	Arrival of Fear!! Salute, Ginyu Special Squadron!!	Dragon Ball Z: Abridged
Toonami Aftermath EST	2026-10-08T11:38:01Z	DBZ Abridged	19	Namekimania 2011	Dragon Ball Z: Abridged
Toonami Aftermath EST	2026-10-08T11:49:52Z	DBZ Abridged	20	Stop! Celebrate and Witness, Goku's Back From 100X Fitness!	Dragon Ball Z: Abridged
Toonami Aftermath EST	2026-10-08T12:00:58Z	Powerpuff Girls	4	Buttercrush / Fuzzy Logic	The Powerpuff Girls
Toonami Aftermath EST	2026-10-08T12:23:23Z	Ed Edd Eddy	7	Dawn of the Eds	Ed Edd n' Eddy
Toonami Aftermath EST	2026-10-08T12:34:50Z	Dexters Laboratory	119	Framed	Dexter's Laboratory
Toonami Aftermath EST	2026-10-08T12:42:45Z	2 Stupid Dogs	35	Scirocco Mole	
Toonami Aftermath EST	2026-10-08T12:50:57Z	Johnny Bravo	128	20,000 Leagues Over My Head	
Toonami Aftermath EST	2026-10-08T13:01:30Z	Dragonball	1	Bulma and Son Goku	Dragon Ball
Toonami Aftermath EST	2026-10-08T13:26:09Z	Sailor Moon	87	Swept Off Her Feet	
Toonami Aftermath EST	2026-10-08T13:51:13Z	DBZ	56	Frieza Approaches	Dragon Ball Z
Toonami Aftermath EST	2026-10-08T14:13:52Z	DBZ	57	Goku is Ginyu and Ginyu is Goku	Dragon Ball Z
Toonami Aftermath EST	2026-10-08T14:36:23Z	Gundam Wing	30	The Reunion with Relena	
Toonami Aftermath EST	2026-10-08T15:03:30Z	Space Ghost C2C	1		Space Ghost Coast to Coast
Toonami Aftermath EST	2026-10-08T15:17:59Z	Home Movies	23	History	
Toonami Aftermath EST	2026-10-08T15:44:15Z	Brak Show	15	The New Brak	
Toonami Aftermath EST	2026-10-08T16:00:30Z	X-Men	49	Xavier Remembers	
Toonami Aftermath EST	2026-10-08T16:20:44Z	Mega Man	25	Bad Day at Peril Park	
Toonami Aftermath EST	2026-10-08T16:45:57Z	Men in Black	40	The Spectacle Syndrome	Men in Black: The Series
Toonami Aftermath EST	2026-10-08T17:08:28Z	Street Fighter II V	28	Fight to the Finish (Round Four)	Street Fighter II: V
Toonami Aftermath EST	2026-10-08T17:33:39Z	Spider-Man	59	The Return of Hydro-Man (Part 1)	
Toonami Aftermath EST	2026-10-08T17:55:30Z	Silverhawks	58	Small World	
Toonami Aftermath EST	2026-10-08T18:18:30Z	Saint Seiya	29	Kidnapped! Corvus' Army Calls Unexpectedly on Saori	
Toonami Aftermath EST	2026-10-08T18:43:39Z	Mobile Suit Gundam	37	Char and Sayla	
Toonami Aftermath EST	2026-10-08T19:08:32Z	Robotech	56	Crisis Point	
Toonami Aftermath EST	2026-10-08T19:33:44Z	Reboot	32	The Return of The Crimson Binome	
Toonami Aftermath EST	2026-10-08T20:00:00Z	Pokemon	6	Clefairy and the Moon Stone	
Toonami Aftermath EST	2026-10-08T20:29:44Z	Batman	19	Two-Face, Part 1	Batman: The Animated Series
Toonami Aftermath EST	2026-10-08T21:01:30Z	Dragonball	2	What the...?! No Balls!	Dragon Ball
Toonami Aftermath EST	2026-10-08T21:26:50Z	Sailor Moon	88	Blinded By Love's Light	
Toonami Aftermath EST	2026-10-08T21:52:19Z	DBZ	58	Calling the Eternal Dragon	Dragon Ball Z
Toonami Aftermath EST	2026-10-08T22:15:20Z	DBZ	59	Gohan Defeat Your Dad!	Dragon Ball Z
Toonami Aftermath EST	2026-10-08T22:38:34Z	Zoids	14	Frightday the 13th - Ready Ahhh	
Toonami Aftermath EST	2026-10-08T23:01:00Z	The Flintstones Meet Rockula And Frankenstone			
Toonami Aftermath EST	2026-10-08T23:48:59Z	Courage the Cowardly Dog	4	The Demon in the Mattress / Freaky Fred	
Toonami Aftermath EST	2026-10-09T00:11:54Z	Ed Edd Eddy	8	Virt-Ed-Go	Ed Edd n' Eddy
Toonami Aftermath EST	2026-10-09T00:22:43Z	What A Cartoon! Show	33	Larry and Steve	
Toonami Aftermath EST	2026-10-09T00:30:17Z	Cow and Chicken	24	The Legend of Sailcat	
Toonami Aftermath EST	2026-10-09T00:37:10Z	I Am Weasel	42	I Are Gladiator	
Toonami Aftermath EST	2026-10-09T00:44:13Z	Dexters Laboratory	120	That's Using Your Head	Dexter's Laboratory
Toonami Aftermath EST	2026-10-09T00:52:25Z	2 Stupid Dogs	36	Far-Out Friday	
Toonami Aftermath EST	2026-10-09T01:01:30Z	Dragonball	3	The Nimbus Cloud of Roshi	Dragon Ball
Toonami Aftermath EST	2026-10-09T01:25:48Z	Sailor Moon	89	Lita Borrows Trouble	
Toonami Aftermath EST	2026-10-09T01:50:47Z	DBZ	60	Captain Ginyu... The Frog	Dragon Ball Z
Toonami Aftermath EST	2026-10-09T02:12:55Z	DBZ	61	Password is Porunga	Dragon Ball Z
Toonami Aftermath EST	2026-10-09T02:36:23Z	Gundam Wing	31	The Glass Kingdom	
Toonami Aftermath EST	2026-10-09T03:01:01Z	Space Ghost C2C	2		Space Ghost Coast to Coast
Toonami Aftermath EST	2026-10-09T03:13:55Z	Home Movies	24	Writer's Block	
Toonami Aftermath EST	2026-10-09T03:37:40Z	Cartoon Planet	4	My Space Ghost the Car	
Toonami Aftermath EST	2026-10-09T04:01:30Z	Full Metal Alchemist	48	Goodbye	
Toonami Aftermath EST	2026-10-09T04:26:24Z	Yu Yu Hakusho	77	Sensui's Fall	Yu Yu Hakusho: Ghost Files
Toonami Aftermath EST	2026-10-09T04:50:37Z	Rurouni Kenshin	49	The Wolf Destroys the Eye of the Heart	Rurouni Kenshin
Toonami Aftermath EST	2026-10-09T05:12:37Z	Lupin III	11	Who's Vroomin' Who?	Lupin the 3rd
Toonami Aftermath EST	2026-10-09T05:36:07Z	Ranma	14	Pelvic Fortune-Telling? Ranma is the No. One Bride in Japan	Ranma 1/2
Toonami Aftermath EST	2026-10-09T06:00:00Z	Record of Lodoss War TV	17	Decision... An Option Compelled	Record of Lodoss War: Chronicles of the Heroic Knight
Toonami Aftermath EST	2026-10-09T06:31:14Z	12 oz Mouse	3	Rooster	
Toonami Aftermath EST	2026-10-09T06:49:09Z	Serial Experiments Lain	2	Girls	
Toonami Aftermath EST	2026-10-09T07:16:18Z	Cromartie High School	3	Cromartie High (Co-Ed)	
Toonami Aftermath EST	2026-10-09T07:34:54Z	Nadia - Secret of Blue Water	5	Marie's Island	Nadia: The Secret of Blue Water
Toonami Aftermath EST	2026-10-09T08:00:00Z	Pokemon	6	Clefairy and the Moon Stone	
Toonami Aftermath EST	2026-10-09T08:29:44Z	Batman	19	Two-Face, Part 1	Batman: The Animated Series
Toonami Aftermath EST	2026-10-09T09:01:30Z	Dragonball	2	What the...?! No Balls!	Dragon Ball
Toonami Aftermath EST	2026-10-09T09:26:50Z	Sailor Moon	88	Blinded By Love's Light	
Toonami Aftermath EST	2026-10-09T09:52:19Z	DBZ	58	Calling the Eternal Dragon	Dragon Ball Z
Toonami Aftermath EST	2026-10-09T10:15:20Z	DBZ	59	Gohan Defeat Your Dad!	Dragon Ball Z
Toonami Aftermath EST	2026-10-09T10:38:34Z	Zoids	14	Frightday the 13th - Ready Ahhh	
Toonami Aftermath EST	2026-10-09T11:01:00Z	The Flintstones Meet Rockula And Frankenstone			
Toonami Aftermath EST	2026-10-09T11:48:59Z	Courage the Cowardly Dog	4	The Demon in the Mattress / Freaky Fred	
Toonami Aftermath EST	2026-10-09T12:11:54Z	Ed Edd Eddy	8	Virt-Ed-Go	Ed Edd n' Eddy
Toonami Aftermath EST	2026-10-09T12:22:43Z	What A Cartoon! Show	33	Larry and Steve	
Toonami Aftermath EST	2026-10-09T12:30:17Z	Cow and Chicken	24	The Legend of Sailcat	
Toonami Aftermath EST	2026-10-09T12:37:10Z	I Am Weasel	42	I Are Gladiator	
Toonami Aftermath EST	2026-10-09T12:44:13Z	Dexters Laboratory	120	That's Using Your Head	Dexter's Laboratory
Toonami Aftermath EST	2026-10-09T12:52:25Z	2 Stupid Dogs	36	Far-Out Friday	
Toonami Aftermath EST	2026-10-09T13:01:30Z	Dragonball	3	The Nimbus Cloud of Roshi	Dragon Ball
Toonami Aftermath EST	2026-10-09T13:25:48Z	Sailor Moon	89	Lita Borrows Trouble	
Toonami Aftermath EST	2026-10-09T13:50:47Z	DBZ	60	Captain Ginyu... The Frog	Dragon Ball Z
Toonami Aftermath EST	2026-10-09T14:12:55Z	DBZ	61	Password is Porunga	Dragon Ball Z
Toonami Aftermath EST	2026-10-09T14:36:23Z	Gundam Wing	31	The Glass Kingdom	
Toonami Aftermath EST	2026-10-09T15:01:01Z	Space Ghost C2C	2		Space Ghost Coast to Coast
Toonami Aftermath EST	2026-10-09T15:13:55Z	Home Movies	24	Writer's Block	
Toonami Aftermath EST	2026-10-09T15:37:40Z	Cartoon Planet	4	My Space Ghost the Car	
Toonami Aftermath EST	2026-10-09T16:00:30Z	X-Men	50	Courage	
Toonami Aftermath EST	2026-10-09T16:22:07Z	Mega Man	26	Mega X	
Toonami Aftermath EST	2026-10-09T16:47:07Z	Men in Black	41	The Back to School Syndrome	Men in Black: The Series
Toonami Aftermath EST	2026-10-09T17:09:12Z	Street Fighter II V	29	Fight to the Finish (Final Round)	Street Fighter II: V
Toonami Aftermath EST	2026-10-09T17:33:37Z	Spider-Man	60	The Return of Hydro-Man (Part 2)	
Toonami Aftermath EST	2026-10-09T17:56:00Z	Thundercats	7	Trouble with Time	
Toonami Aftermath EST	2026-10-09T18:18:44Z	Saint Seiya	30	Burn! Cosmo of Love	
Toonami Aftermath EST	2026-10-09T18:43:48Z	Mobile Suit Gundam	38	The Newtype: Challia Bull	
Toonami Aftermath EST	2026-10-09T19:08:41Z	Robotech	57	Daydreamer	
Toonami Aftermath EST	2026-10-09T19:33:17Z	Reboot	33	The Edge of Beyond	
Toonami Aftermath EST	2026-10-09T20:00:00Z	Pokemon	7	The Water Flowers of Cerulean City	
Toonami Aftermath EST	2026-10-09T20:29:55Z	Teen Titans	8	Deep Six	
Toonami Aftermath EST	2026-10-09T21:01:30Z	Dragonball	4	Oolong the Terrible	Dragon Ball
Toonami Aftermath EST	2026-10-09T21:26:19Z	Sailor Moon	90	Damp Spirits	
Toonami Aftermath EST	2026-10-09T21:51:27Z	DBZ	62	Piccolo's Return	Dragon Ball Z
Toonami Aftermath EST	2026-10-09T22:15:14Z	DBZ	63	The Fusion	Dragon Ball Z
Toonami Aftermath EST	2026-10-09T22:39:27Z	Zoids	15	Layon Returns - Anti-gravity Catastrophy	
Toonami Aftermath EST	2026-10-09T23:01:00Z	Goku Midnight Eye P1			
Toonami Aftermath EST	2026-10-09T23:50:37Z	Goku Midnight Eye P2			
Toonami Aftermath EST	2026-10-10T00:43:27Z	Johnny Bravo	129	I Dream Of Johnny	
Toonami Aftermath EST	2026-10-10T00:51:05Z	What A Cartoon! Show	34	Sledgehammer O'Possum - What's Goin' On Back There	
Toonami Aftermath EST	2026-10-10T01:01:30Z	Dragonball	5	Yamcha, The Strong Yet Cruel Desert Bandit	Dragon Ball
Toonami Aftermath EST	2026-10-10T01:25:32Z	Sailor Moon	91	Friendly Foes	
Toonami Aftermath EST	2026-10-10T01:50:11Z	DBZ	64	Fighting Power: One Million?	Dragon Ball Z
Toonami Aftermath EST	2026-10-10T02:13:12Z	DBZ	65	Gohan Attacks	Dragon Ball Z
Toonami Aftermath EST	2026-10-10T02:36:23Z	Gundam Wing	32	The God of Death Meets Zero	
Toonami Aftermath EST	2026-10-10T03:03:48Z	Space Ghost C2C	3		Space Ghost Coast to Coast
Toonami Aftermath EST	2026-10-10T03:18:13Z	Home Movies	25	Pizza Club	
Toonami Aftermath EST	2026-10-10T03:44:37Z	Brak Show	16	Fued	
Toonami Aftermath EST	2026-10-10T04:01:30Z	Full Metal Alchemist	49	The Other Side of the Gate	
Toonami Aftermath EST	2026-10-10T04:26:24Z	Yu Yu Hakusho	78	Divide and Conquer	Yu Yu Hakusho: Ghost Files
Toonami Aftermath EST	2026-10-10T04:50:36Z	Rurouni Kenshin	50	The Promised Time Has Come: Aoshi and Kenshin Fight Again	Rurouni Kenshin
Toonami Aftermath EST	2026-10-10T05:12:51Z	Lupin III	12	The Sleight Before Christmas	Lupin the 3rd
Toonami Aftermath EST	2026-10-10T05:36:06Z	Ranma	15	Enter Shampoo, the Gung-Ho Girl! I Put My Life in Your Hands	Ranma 1/2
Toonami Aftermath EST	2026-10-10T06:00:00Z	Record of Lodoss War TV	18	Mission... The Path One Follows	Record of Lodoss War: Chronicles of the Heroic Knight
Toonami Aftermath EST	2026-10-10T06:29:07Z	Sealab 2021	44	Return of Marco	
Toonami Aftermath EST	2026-10-10T06:43:55Z	Serial Experiments Lain	3	Psyche	
Toonami Aftermath EST	2026-10-10T07:08:05Z	Shin Chan	3	Safe as a Dry Hump	
Toonami Aftermath EST	2026-10-10T07:34:54Z	Nadia - Secret of Blue Water	6	Infiltration of the Secret Base	Nadia: The Secret of Blue Water
Toonami Aftermath EST	2026-10-10T08:00:00Z				
Toonami Aftermath EST	2026-10-10T08:29:18Z				
Toonami Aftermath EST	2026-10-10T08:44:26Z				
Toonami Aftermath EST	2026-10-10T08:58:09Z				
Toonami Aftermath EST	2026-10-10T09:10:16Z				
Toonami Aftermath EST	2026-10-10T09:22:22Z				
Toonami Aftermath EST	2026-10-10T09:33:47Z				
Toonami Aftermath EST	2026-10-10T09:44:57Z				
Toonami Aftermath EST	2026-10-10T09:53:50Z				
Toonami Aftermath EST	2026-10-10T10:00:00Z	Spiderman	19	The Revenge of Dr. Magneto	Spider-Man
Toonami Aftermath EST	2026-10-10T10:12:22Z	Spiderman	20	The Sinister Prime Minister	Spider-Man
Toonami Aftermath EST	2026-10-10T10:24:26Z	Spiderman	21	The Night of the Villains	Spider-Man
Toonami Aftermath EST	2026-10-10T10:36:52Z	Spiderman	22	Here Comes Trubble	Spider-Man
Toonami Aftermath EST	2026-10-10T10:49:30Z	Iron Man	3	Ultimo, Ultimo Lives, Crescendo	
Toonami Aftermath EST	2026-10-10T11:08:29Z	Hulk	3	A Titan Rides the Train, The Horde of Humanoids, On the Rampage!	
Toonami Aftermath EST	2026-10-10T11:27:54Z	Birdman	5	Birdman vs Cumulus the Storm King	
Toonami Aftermath EST	2026-10-10T11:36:12Z	Birdman	6	Nitron the Human Bomb	
Toonami Aftermath EST	2026-10-10T11:45:24Z	Space Ghost	5	The Web	
Toonami Aftermath EST	2026-10-10T11:53:40Z	Space Ghost	6	Homing Device	
Toonami Aftermath EST	2026-10-10T12:00:00Z	Earthworm Jim	6	Upholstered Peril	
Toonami Aftermath EST	2026-10-10T12:24:18Z	Static Shock	29	The Usual Suspect	
Toonami Aftermath EST	2026-10-10T12:48:37Z	Animaniacs	37	Dough Dough Boys / Boot Camping / General Boo-Regard	
Toonami Aftermath EST	2026-10-10T13:13:16Z	Tick	22	Ants in Pants!	The Tick
Toonami Aftermath EST	2026-10-10T13:38:17Z	Freakazoid	11	Next Time, Phone Ahead/Nerdator	
Toonami Aftermath EST	2026-10-10T14:00:45Z	Digimon	37	Wizardmon's Gift	
Toonami Aftermath EST	2026-10-10T14:25:17Z	Monster Rancher	62	Ghost Encounters of the Pirate Kind	Monster Rancher
Toonami Aftermath EST	2026-10-10T14:50:27Z	Yu-Gi-Oh!	84	The Dark Spirit Revealed (Part 3)	
Toonami Aftermath EST	2026-10-10T15:13:31Z	Starship Troopers	3	Handle With Care	Roughnecks: Starship Troopers Chronicles
Toonami Aftermath EST	2026-10-10T15:38:30Z	Beast Machines	6	The Weak Component	
Toonami Aftermath EST	2026-10-10T16:01:28Z	Jonny Quest Real Adventures	10	AMOK	The Real Adventures of Jonny Quest
Toonami Aftermath EST	2026-10-10T16:23:15Z	Jonny Quest Real Adventures	11	Besieged in Paradise	The Real Adventures of Jonny Quest
Toonami Aftermath EST	2026-10-10T16:45:07Z	Jonny Quest	3	The Curse of Anubis	
Toonami Aftermath EST	2026-10-10T17:11:53Z	Scooby Doo	1	What a Night for a Knight	Scooby Doo, Where Are You!
Toonami Aftermath EST	2026-10-10T17:35:26Z	Scooby Doo	2	A Clue for Scooby-Doo	Scooby Doo, Where Are You!
Toonami Aftermath EST	2026-10-10T18:00:30Z	Superman	43	Knight Time	
Toonami Aftermath EST	2026-10-10T18:24:24Z	Batman	20	Be a Clown	Batman: The Animated Series
Toonami Aftermath EST	2026-10-10T18:49:27Z	Batman Beyond	17	Lost Soul	
Toonami Aftermath EST	2026-10-10T19:13:04Z	Justice League	91	Destroyer	
Toonami Aftermath EST	2026-10-10T19:38:35Z	Justice League	1	Secret Origins: Part 1	
Toonami Aftermath EST	2026-10-10T20:00:30Z	Megas XLR	21	Terminate Her	
Toonami Aftermath EST	2026-10-10T20:25:43Z	Neon Genesis Evangelion	23	Tears	
Toonami Aftermath EST	2026-10-10T20:52:32Z	Patlabor	42	Return of the Men	Patlabor: The Mobile Police
Toonami Aftermath EST	2026-10-10T21:20:42Z	Gundam 0080	1	How Many Miles to the Battlefield?	Mobile Suit Gundam 0080: War in the Pocket
Toonami Aftermath EST	2026-10-10T21:50:45Z	Gundam 0080	2	Reflections in a Brown Eye	Mobile Suit Gundam 0080: War in the Pocket
Toonami Aftermath EST	2026-10-10T22:18:00Z	Celebrity Deathmatch	12	Deathbowl '99	
Toonami Aftermath EST	2026-10-10T22:40:40Z	Initial D	8	Time's Almost Up!	
Toonami Aftermath EST	2026-10-10T23:07:22Z	Initial D	9	Battle to the Limit! Eight-Six Versus GT-R	
Toonami Aftermath EST	2026-10-10T23:33:50Z	Fighting Spirit	1	The First Step	
Toonami Aftermath EST	2026-10-10T23:59:55Z	Fighting Spirit	2	Fruits of Labor	
Toonami Aftermath EST	2026-10-11T00:24:35Z	Powerpuff Girls Z	17	Picture This / Revenge of Digitron	
Toonami Aftermath EST	2026-10-11T00:49:03Z	Powerpuff Girls Z	18	The Mojo League of Evil	
Toonami Aftermath EST	2026-10-11T01:13:58Z	Outlaw Star	11	Adrift in Subspace	
Toonami Aftermath EST	2026-10-11T01:40:59Z	Outlaw Star	12	Mortal Combat with the El Dorado	
Toonami Aftermath EST	2026-10-11T02:08:13Z	Cowboy Bebop	22	Cowboy Funk	
Toonami Aftermath EST	2026-10-11T02:35:22Z	Cowboy Bebop	23	Brain Scratch	
Toonami Aftermath EST	2026-10-11T03:01:00Z	Interstella 5555			
Toonami Aftermath EST	2026-10-11T04:06:10Z	Rifftrax - Twilight 5 Breaking Dawn 2			
Toonami Aftermath EST	2026-10-11T06:03:31Z	Rifftrax - Carnival Of Souls			
Toonami Aftermath EST	2026-10-11T07:27:58Z	MST3K - S06E24 - Samson Vs The Vampire Women			
Toonami Aftermath EST	2026-10-11T09:00:11Z				
Toonami Aftermath EST	2026-10-11T09:29:29Z				
Toonami Aftermath EST	2026-10-11T09:44:37Z				
Toonami Aftermath EST	2026-10-11T09:58:20Z				
Toonami Aftermath EST	2026-10-11T10:00:00Z	Spiderman	23	Spider-Man Meets Dr. Noah Boddy	Spider-Man
Toonami Aftermath EST	2026-10-11T10:10:27Z				
Toonami Aftermath EST	2026-10-11T10:12:27Z	Spiderman	24	The Fantastic Fakir	Spider-Man
Toonami Aftermath EST	2026-10-11T10:22:33Z				
Toonami Aftermath EST	2026-10-11T10:24:39Z	Spiderman	25	Return of the Flying Dutchman	Spider-Man
Toonami Aftermath EST	2026-10-11T10:33:58Z				
Toonami Aftermath EST	2026-10-11T10:36:53Z	Spiderman	26	Farewell Performance	Spider-Man
Toonami Aftermath EST	2026-10-11T10:45:08Z				
Toonami Aftermath EST	2026-10-11T10:49:31Z	Captain America	3	Midnight in Greymoor Castle, If This Be Treason, When You Lie Down With Dogs	
Toonami Aftermath EST	2026-10-11T10:54:01Z				
Toonami Aftermath EST	2026-10-11T11:08:53Z	The Mighty Thor	8	The Mysterious Mister Hyde, Revenge of Mr. Hyde, Thor's Showdown with Mr. Hyde	
Toonami Aftermath EST	2026-10-11T11:27:29Z	Birdman	7	Birdman vs the Mummer	
Toonami Aftermath EST	2026-10-11T11:35:43Z	Birdman	8	The Quake Threat	
Toonami Aftermath EST	2026-10-11T11:45:02Z	Space Ghost	7	The Drone	
Toonami Aftermath EST	2026-10-11T11:53:39Z	Space Ghost	8	The Sandman	
Toonami Aftermath EST	2026-10-11T12:00:00Z	Earthworm Jim	7	Sword of Righteousness	
Toonami Aftermath EST	2026-10-11T12:24:17Z	Static Shock	30	A League of Their Own (Part 1)	
Toonami Aftermath EST	2026-10-11T12:48:39Z	Animaniacs	38	Spell-Bound	
Toonami Aftermath EST	2026-10-11T13:13:39Z	Tick	23	The Tick Loves Santa!	The Tick
Toonami Aftermath EST	2026-10-11T13:38:25Z	Freakazoid	12	House of Freakazoid/Sewer or Later	
Toonami Aftermath EST	2026-10-11T14:00:45Z	Digimon	38	Prophecy	
Toonami Aftermath EST	2026-10-11T14:24:28Z	Monster Rancher	63	The World Monster Cup: Naga Returns	Monster Rancher
Toonami Aftermath EST	2026-10-11T14:49:20Z	Yu-Gi-Oh!	85	Rage of the Egyptian Gods	
Toonami Aftermath EST	2026-10-11T15:13:37Z	Starship Troopers	4	Basic Training	Roughnecks: Starship Troopers Chronicles
Toonami Aftermath EST	2026-10-11T15:38:30Z	Beast Machines	7	Revelations, Part I: Discovery	
Toonami Aftermath EST	2026-10-11T16:01:28Z	Jonny Quest Real Adventures	12	The Spectre of the Pine Barrens	The Real Adventures of Jonny Quest
Toonami Aftermath EST	2026-10-11T16:23:28Z	Jonny Quest Real Adventures	13	In the Darkness of the Moon	The Real Adventures of Jonny Quest
Toonami Aftermath EST	2026-10-11T16:45:05Z	Jonny Quest	4	Pursuit of the Po-Ho	
Toonami Aftermath EST	2026-10-11T17:11:52Z	Scooby Doo	3	Hassle in the Castle	Scooby Doo, Where Are You!
Toonami Aftermath EST	2026-10-11T17:35:17Z	Scooby Doo	4	Mine Your Own Business	Scooby Doo, Where Are You!
Toonami Aftermath EST	2026-10-11T18:00:30Z	Superman	44	New Kids in Town	
Toonami Aftermath EST	2026-10-11T18:24:37Z	Batman	21	Cat Scratch Fever	Batman: The Animated Series
Toonami Aftermath EST	2026-10-11T18:49:51Z	Batman Beyond	18	Hidden Agenda	
Toonami Aftermath EST	2026-10-11T19:13:37Z	Justice League	2	Secret Origins: Part 2	
Toonami Aftermath EST	2026-10-11T19:38:27Z	Justice League	3	Secret Origins: Part 3	
Toonami Aftermath EST	2026-10-11T20:00:30Z	Megas XLR	22	Ice Ice Megas	
Toonami Aftermath EST	2026-10-11T20:24:39Z	Neon Genesis Evangelion	24	The Beginning and the End, or 'Knockin' on Heaven's Door'	
Toonami Aftermath EST	2026-10-11T20:51:29Z	Patlabor	43	Working Ladies	Patlabor: The Mobile Police
Toonami Aftermath EST	2026-10-11T21:19:42Z	Gundam 0080	3	And at the End of the Rainbow?	Mobile Suit Gundam 0080: War in the Pocket
Toonami Aftermath EST	2026-10-11T21:50:40Z	Gundam 0080	4	Over the River and Through the Woods	Mobile Suit Gundam 0080: War in the Pocket
Toonami Aftermath EST	2026-10-11T22:18:00Z	Celebrity Deathmatch	13	Battle of the Boys with Toys	
Toonami Aftermath EST	2026-10-11T22:40:25Z	Initial D	10	Explosion! Five Point Hairpin	
Toonami Aftermath EST	2026-10-11T23:07:10Z	Initial D	11	Dangerous Shingo Arrives!	
Toonami Aftermath EST	2026-10-11T23:33:54Z	Fighting Spirit	3	Tears of Joy	
Toonami Aftermath EST	2026-10-11T23:59:53Z	Fighting Spirit	4	Shadow Boxing	
Toonami Aftermath EST	2026-10-12T00:24:35Z	Powerpuff Girls Z	19	Practice Makes Pandemonium / Ms. Keane to the Rescue	
Toonami Aftermath EST	2026-10-12T00:49:03Z	Powerpuff Girls Z	20	The Rowdyruff Boys	
Toonami Aftermath EST	2026-10-12T01:13:54Z	Outlaw Star	13	Advance Guard from Another World	
Toonami Aftermath EST	2026-10-12T01:41:10Z	Outlaw Star	14	Final Countdown	
Toonami Aftermath EST	2026-10-12T02:08:22Z	Cowboy Bebop	24	Hard Luck Woman	
Toonami Aftermath EST	2026-10-12T02:35:17Z	Cowboy Bebop	25	The Real Folk Blues (Part 1)	
Toonami Aftermath EST	2026-10-12T03:01:00Z	Kiki's Delivery Service			
Toonami Aftermath EST	2026-10-12T04:44:02Z	Rifftrax - Saw			
Toonami Aftermath EST	2026-10-12T06:25:02Z	Rifftrax - Fangs of the Living Dead			
Toonami Aftermath EST	2026-10-12T07:39:28Z	MST3K - S04E23 - Bride of the Monster			
Toonami Aftermath EST	2026-10-12T09:11:37Z	Pokemon	7	The Water Flowers of Cerulean City	
Toonami Aftermath EST	2026-10-12T09:41:32Z	Teen Titans	8	Deep Six	
Toonami Aftermath EST	2026-10-12T10:13:07Z	Dragonball	4	Oolong the Terrible	Dragon Ball
Toonami Aftermath EST	2026-10-12T10:37:56Z	Sailor Moon	90	Damp Spirits	
Toonami Aftermath EST	2026-10-12T11:03:04Z	DBZ	62	Piccolo's Return	Dragon Ball Z
Toonami Aftermath EST	2026-10-12T11:26:51Z	DBZ	63	The Fusion	Dragon Ball Z
Toonami Aftermath EST	2026-10-12T11:51:04Z	Zoids	15	Layon Returns - Anti-gravity Catastrophy	
Toonami Aftermath EST	2026-10-12T12:12:37Z	Goku Midnight Eye P1			
Toonami Aftermath EST	2026-10-12T13:02:14Z	Goku Midnight Eye P2			
Toonami Aftermath EST	2026-10-12T13:55:04Z	Johnny Bravo	129	I Dream Of Johnny	
Toonami Aftermath EST	2026-10-12T14:02:42Z	What A Cartoon! Show	34	Sledgehammer O'Possum - What's Goin' On Back There	
Toonami Aftermath EST	2026-10-12T14:13:08Z	Dragonball	5	Yamcha, The Strong Yet Cruel Desert Bandit	Dragon Ball
Toonami Aftermath EST	2026-10-12T14:37:10Z	Sailor Moon	91	Friendly Foes	
Toonami Aftermath EST	2026-10-12T15:01:49Z	DBZ	64	Fighting Power: One Million?	Dragon Ball Z
Toonami Aftermath EST	2026-10-12T15:24:50Z	DBZ	65	Gohan Attacks	Dragon Ball Z
Toonami Aftermath EST	2026-10-12T15:48:01Z	Gundam Wing	32	The God of Death Meets Zero	
Toonami Aftermath EST	2026-10-12T16:00:30Z	X-Men	51	Secrets, Not Long Buried	
Toonami Aftermath EST	2026-10-12T16:15:26Z	Space Ghost C2C	3		Space Ghost Coast to Coast
Toonami Aftermath EST	2026-10-12T16:23:10Z	Mega Man	27	Crime of the Century (Finale)	
Toonami Aftermath EST	2026-10-12T16:29:51Z	Home Movies	25	Pizza Club	
Toonami Aftermath EST	2026-10-12T16:48:25Z	Men in Black	42	The Opening Gambit Syndrome	Men in Black: The Series
Toonami Aftermath EST	2026-10-12T16:56:15Z	Brak Show	16	Fued	
Toonami Aftermath EST	2026-10-12T17:11:33Z	Street Fighter	1	The Adventure Begins	Street Fighter: The Animated Series
Toonami Aftermath EST	2026-10-12T17:34:08Z	Spider-Man	61	Secret Wars, Chapter I: Arrival	
Toonami Aftermath EST	2026-10-12T17:56:01Z	Thundercats	8	The Tower of Traps	
Toonami Aftermath EST	2026-10-12T18:18:51Z	Saint Seiya	31	Evil Apparitions! Deadline of Life or Death	
Toonami Aftermath EST	2026-10-12T18:43:41Z	Mobile Suit Gundam	39	Lalah's Dilemma	
Toonami Aftermath EST	2026-10-12T19:08:16Z	Robotech	58	Final Nightmare	
Toonami Aftermath EST	2026-10-12T19:33:52Z	Reboot	34	Web Riders on the Storm	
Toonami Aftermath EST	2026-10-12T20:00:00Z	Pokemon	8	The Path to the Pokemon League	
Toonami Aftermath EST	2026-10-12T20:29:48Z	Teen Titans	9	Masks	
Toonami Aftermath EST	2026-10-12T21:01:30Z	Dragonball	6	Keep an Eye on the Dragon Balls	Dragon Ball
Toonami Aftermath EST	2026-10-12T21:26:06Z	Sailor Moon	92	Mixed Emotions	
Toonami Aftermath EST	2026-10-12T21:51:12Z	DBZ	66	Piccolo The Super Namek	Dragon Ball Z
Toonami Aftermath EST	2026-10-12T22:14:31Z	DBZ	67	Deja Vu	Dragon Ball Z
Toonami Aftermath EST	2026-10-12T22:38:08Z	Zoids	16	The Red Rival - Leon Toros Returns	
Toonami Aftermath EST	2026-10-12T23:00:20Z	Scooby-Doo Wheres My Mummy			
Toonami Aftermath EST	2026-10-13T00:13:02Z	Powerpuff Girls	5	Boogie Frights / Abracadaver	The Powerpuff Girls
Toonami Aftermath EST	2026-10-13T00:35:43Z	Ed Edd Eddy	9	Read All About Ed	Ed Edd n' Eddy
Toonami Aftermath EST	2026-10-13T00:46:31Z	Cow and Chicken	25	Headhunting in Oregon	
Toonami Aftermath EST	2026-10-13T00:53:05Z	I Am Weasel	43	Revolutionary Weasel	
Toonami Aftermath EST	2026-10-13T01:01:30Z	Dragonball	7	The Ox King on Fire Mountain	Dragon Ball
Toonami Aftermath EST	2026-10-13T01:25:33Z	Sailor Moon	93	Individual Happiness	
Toonami Aftermath EST	2026-10-13T01:50:13Z	DBZ	68	Frieza's Second Transformation	Dragon Ball Z
Toonami Aftermath EST	2026-10-13T02:13:02Z	DBZ	69	Another Transformation	Dragon Ball Z
Toonami Aftermath EST	2026-10-13T02:36:23Z	Gundam Wing	33	The Lonely Battlefield	
Toonami Aftermath EST	2026-10-13T03:01:15Z	Space Ghost C2C	4		Space Ghost Coast to Coast
Toonami Aftermath EST	2026-10-13T03:12:39Z	Home Movies	26	The Wedding	
Toonami Aftermath EST	2026-10-13T03:37:36Z	Dr Katz	22	Fructose	Dr. Katz
Toonami Aftermath EST	2026-10-13T04:01:30Z	Full Metal Alchemist	50	Death	
Toonami Aftermath EST	2026-10-13T04:26:09Z	Yu Yu Hakusho	79	The Human Race	Yu Yu Hakusho: Ghost Files
Toonami Aftermath EST	2026-10-13T04:50:36Z	Rurouni Kenshin	51	Wake Up Now! Ignore Your Wounds and Fight to the Finish	Rurouni Kenshin
Toonami Aftermath EST	2026-10-13T05:12:51Z	Lupin III	13	I Left My Mind in San Francisco	Lupin the 3rd
Toonami Aftermath EST	2026-10-13T05:36:07Z	Ranma	16	Shampoo's Revenge! The Shiatsu Technique That Steals Heart and Soul	Ranma 1/2
Toonami Aftermath EST	2026-10-13T06:00:00Z	Record of Lodoss War TV	19	Reunion... In a Distant War-torn Land	Record of Lodoss War: Chronicles of the Heroic Knight
Toonami Aftermath EST	2026-10-13T06:30:51Z	Aqua Teen Hunger Force	70	Sirens	
Toonami Aftermath EST	2026-10-13T06:48:01Z	Serial Experiments Lain	4	Religion	
Toonami Aftermath EST	2026-10-13T07:17:00Z	Cromartie High School	4	Radio Gaga	
Toonami Aftermath EST	2026-10-13T07:34:53Z	Nadia - Secret of Blue Water	7	The Tower of Babel	Nadia: The Secret of Blue Water
Toonami Aftermath EST	2026-10-13T08:00:00Z	Pokemon	8	The Path to the Pokemon League	
Toonami Aftermath EST	2026-10-13T08:29:48Z	Teen Titans	9	Masks	
Toonami Aftermath EST	2026-10-13T09:01:30Z	Dragonball	6	Keep an Eye on the Dragon Balls	Dragon Ball
Toonami Aftermath EST	2026-10-13T09:26:06Z	Sailor Moon	92	Mixed Emotions	
Toonami Aftermath EST	2026-10-13T09:51:12Z	DBZ	66	Piccolo The Super Namek	Dragon Ball Z
Toonami Aftermath EST	2026-10-13T10:14:31Z	DBZ	67	Deja Vu	Dragon Ball Z
Toonami Aftermath EST	2026-10-13T10:38:08Z	Zoids	16	The Red Rival - Leon Toros Returns	
Toonami Aftermath EST	2026-10-13T11:00:20Z	Scooby-Doo Wheres My Mummy			
Toonami Aftermath EST	2026-10-13T12:13:02Z	Powerpuff Girls	5	Boogie Frights / Abracadaver	The Powerpuff Girls
Toonami Aftermath EST	2026-10-13T12:35:43Z	Ed Edd Eddy	9	Read All About Ed	Ed Edd n' Eddy
Toonami Aftermath EST	2026-10-13T12:46:31Z	Cow and Chicken	25	Headhunting in Oregon	
Toonami Aftermath EST	2026-10-13T12:53:05Z	I Am Weasel	43	Revolutionary Weasel	
Toonami Aftermath EST	2026-10-13T13:01:30Z	Dragonball	7	The Ox King on Fire Mountain	Dragon Ball
Toonami Aftermath EST	2026-10-13T13:25:33Z	Sailor Moon	93	Individual Happiness	
Toonami Aftermath EST	2026-10-13T13:50:13Z	DBZ	68	Frieza's Second Transformation	Dragon Ball Z
Toonami Aftermath EST	2026-10-13T14:13:02Z	DBZ	69	Another Transformation	Dragon Ball Z
Toonami Aftermath EST	2026-10-13T14:36:23Z	Gundam Wing	33	The Lonely Battlefield	
Toonami Aftermath EST	2026-10-13T15:01:15Z	Space Ghost C2C	4		Space Ghost Coast to Coast
Toonami Aftermath EST	2026-10-13T15:12:39Z	Home Movies	26	The Wedding	
Toonami Aftermath EST	2026-10-13T15:37:36Z	Dr Katz	22	Fructose	Dr. Katz
Toonami Aftermath EST	2026-10-13T16:00:30Z	X-Men	52	Nightcrawler	
Toonami Aftermath EST	2026-10-13T16:22:56Z	Mega Man	1	The Beginning	
Toonami Aftermath EST	2026-10-13T16:49:03Z	Men in Black	43	The Future's So Bright Syndrome	Men in Black: The Series
Toonami Aftermath EST	2026-10-13T17:11:33Z	Street Fighter	2	The Strongest Woman in the World	Street Fighter: The Animated Series
Toonami Aftermath EST	2026-10-13T17:33:39Z	Spider-Man	62	Secret Wars, Chapter II: The Gauntlet of the Red Skull	
Toonami Aftermath EST	2026-10-13T17:55:30Z	Silverhawks	59	Match-Up	
Toonami Aftermath EST	2026-10-13T18:18:02Z	Saint Seiya	32	Great Explosion! Death Queen Island	
Toonami Aftermath EST	2026-10-13T18:42:52Z	Mobile Suit Gundam	40	A Cosmic Glow	
Toonami Aftermath EST	2026-10-13T19:07:24Z	Robotech	59	The Invid Connection	
Toonami Aftermath EST	2026-10-13T19:32:23Z	Reboot	35	Mousetrap	
Toonami Aftermath EST	2026-10-13T20:00:00Z	Pokemon	9	The School of Hard Knocks	
Toonami Aftermath EST	2026-10-13T20:29:39Z	Batman	22	The Laughing Fish	Batman: The Animated Series
Toonami Aftermath EST	2026-10-13T21:01:30Z	Dragonball	8	The Turtle Hermit's Kamehameha	Dragon Ball
Toonami Aftermath EST	2026-10-13T21:26:31Z	Sailor Moon	94	Birthday Blues (Part 1)	
Toonami Aftermath EST	2026-10-13T21:51:40Z	DBZ	70	Dende's Demise	Dragon Ball Z
Toonami Aftermath EST	2026-10-13T22:15:25Z	DBZ	71	The Renewed Goku	Dragon Ball Z
Toonami Aftermath EST	2026-10-13T22:39:35Z	Zoids	17	Warriors on Vacation - The Storm Sworders	
Toonami Aftermath EST	2026-10-13T23:01:00Z	Coraline			
Toonami Aftermath EST	2026-10-14T00:37:55Z	Dexters Laboratory	121	DiM	Dexter's Laboratory
Toonami Aftermath EST	2026-10-14T00:45:22Z	2 Stupid Dogs	37	Seeing Eye Dogs	
Toonami Aftermath EST	2026-10-14T00:52:38Z	Johnny Bravo	130	One Angry Bravo	
Toonami Aftermath EST	2026-10-14T01:01:30Z	Dragonball	9	The Rabbit Boss' Special Technique	Dragon Ball
Toonami Aftermath EST	2026-10-14T01:25:33Z	Sailor Moon	95	Birthday Blues (Part 2)	
Toonami Aftermath EST	2026-10-14T01:50:21Z	DBZ	72	The End of Vegeta	Dragon Ball Z
Toonami Aftermath EST	2026-10-14T02:13:02Z	DBZ	73	The Ultimate Battle	Dragon Ball Z
Toonami Aftermath EST	2026-10-14T02:36:23Z	Gundam Wing	34	And Its Name is Epyon	
Toonami Aftermath EST	2026-10-14T03:01:14Z	Space Ghost C2C	5		Space Ghost Coast to Coast
Toonami Aftermath EST	2026-10-14T03:13:52Z	Home Movies	27	Shore Leave	
Toonami Aftermath EST	2026-10-14T03:37:36Z	Cartoon Planet	5	The Mantis From Atlantis	
Toonami Aftermath EST	2026-10-14T04:01:30Z	Full Metal Alchemist	51	Laws and Promises	
Toonami Aftermath EST	2026-10-14T04:26:09Z	Yu Yu Hakusho	80	Moving Target	Yu Yu Hakusho: Ghost Files
Toonami Aftermath EST	2026-10-14T04:50:36Z	Rurouni Kenshin	52	To Make a Miracle: The Battle at the Aoiya	Rurouni Kenshin
Toonami Aftermath EST	2026-10-14T05:12:51Z	Lupin III	14	Curse of the Jumbo Juju	Lupin the 3rd
Toonami Aftermath EST	2026-10-14T05:36:06Z	Ranma	17	I Love You, Ranma! Please Don't Say Goodbye	Ranma 1/2
Toonami Aftermath EST	2026-10-14T06:00:00Z	Record of Lodoss War TV	20	Counterattack... The Stolen Last Hope	Record of Lodoss War: Chronicles of the Heroic Knight
Toonami Aftermath EST	2026-10-14T06:28:46Z	12 oz Mouse	4	Spider	
Toonami Aftermath EST	2026-10-14T06:44:02Z	Serial Experiments Lain	5	Distortion	
Toonami Aftermath EST	2026-10-14T07:08:35Z	Shin Chan	4	Get Your Hands Off My Happy Cake!	
Toonami Aftermath EST	2026-10-14T07:34:54Z	Nadia - Secret of Blue Water	8	Mission to Rescue Nadia	Nadia: The Secret of Blue Water
Toonami Aftermath EST	2026-10-14T08:00:00Z	Pokemon	9	The School of Hard Knocks	
Toonami Aftermath EST	2026-10-14T08:29:39Z	Batman	22	The Laughing Fish	Batman: The Animated Series
Toonami Aftermath EST	2026-10-14T09:01:30Z	Dragonball	8	The Turtle Hermit's Kamehameha	Dragon Ball
Toonami Aftermath EST	2026-10-14T09:26:31Z	Sailor Moon	94	Birthday Blues (Part 1)	
Toonami Aftermath EST	2026-10-14T09:51:40Z	DBZ	70	Dende's Demise	Dragon Ball Z
Toonami Aftermath EST	2026-10-14T10:15:25Z	DBZ	71	The Renewed Goku	Dragon Ball Z
Toonami Aftermath EST	2026-10-14T10:39:35Z	Zoids	17	Warriors on Vacation - The Storm Sworders	
Toonami Aftermath EST	2026-10-14T11:01:00Z	Coraline			
Toonami Aftermath EST	2026-10-14T12:37:55Z	Dexters Laboratory	121	DiM	Dexter's Laboratory
Toonami Aftermath EST	2026-10-14T12:45:22Z	2 Stupid Dogs	37	Seeing Eye Dogs	
Toonami Aftermath EST	2026-10-14T12:52:38Z	Johnny Bravo	130	One Angry Bravo	
Toonami Aftermath EST	2026-10-14T13:01:30Z	Dragonball	9	The Rabbit Boss' Special Technique	Dragon Ball
Toonami Aftermath EST	2026-10-14T13:25:33Z	Sailor Moon	95	Birthday Blues (Part 2)	
Toonami Aftermath EST	2026-10-14T13:50:21Z	DBZ	72	The End of Vegeta	Dragon Ball Z
Toonami Aftermath EST	2026-10-14T14:13:02Z	DBZ	73	The Ultimate Battle	Dragon Ball Z
Toonami Aftermath EST	2026-10-14T14:36:23Z	Gundam Wing	34	And Its Name is Epyon	
Toonami Aftermath EST	2026-10-14T15:01:14Z	Space Ghost C2C	5		Space Ghost Coast to Coast
Toonami Aftermath EST	2026-10-14T15:13:52Z	Home Movies	27	Shore Leave	
Toonami Aftermath EST	2026-10-14T15:37:36Z	Cartoon Planet	5	The Mantis From Atlantis	
Toonami Aftermath EST	2026-10-14T16:00:30Z	X-Men	53	One Man's Worth (Part 1)	
Toonami Aftermath EST	2026-10-14T16:22:33Z	Mega Man	2	Electric Nightmare	
Toonami Aftermath EST	2026-10-14T16:48:02Z	Men in Black	44	The Loose Ball Foul Syndrome	Men in Black: The Series
Toonami Aftermath EST	2026-10-14T17:11:02Z	Street Fighter	3	Getting to Guile	Street Fighter: The Animated Series
Toonami Aftermath EST	2026-10-14T17:33:38Z	Spider-Man	63	Secret Wars, Chapter III: Doom	
Toonami Aftermath EST	2026-10-14T17:56:00Z	Thundercats	9	The Garden of Delights	
Toonami Aftermath EST	2026-10-14T18:18:43Z	Saint Seiya	33	Dragon and Tiger Clash! No Light For Dragon Tears	
Toonami Aftermath EST	2026-10-14T18:43:38Z	Mobile Suit Gundam	41	Space Fortress A Baoa Qu	
Toonami Aftermath EST	2026-10-14T19:08:15Z	Robotech	60	Catastrophe	
Toonami Aftermath EST	2026-10-14T19:33:33Z	Reboot	36	Megaframe	
Toonami Aftermath EST	2026-10-14T20:00:00Z	Pokemon	10	Bulbasaur and the Hidden Village	
Toonami Aftermath EST	2026-10-14T20:29:47Z	Teen Titans	10	Detention	
Toonami Aftermath EST	2026-10-14T21:01:30Z	Dragonball	10	The Dragon Balls are Stolen!!	Dragon Ball
Toonami Aftermath EST	2026-10-14T21:26:03Z	Sailor Moon	96	Hello, Sailor Mini Moon	
Toonami Aftermath EST	2026-10-14T21:51:12Z	DBZ	74	Clash of The Super Powers	Dragon Ball Z
Toonami Aftermath EST	2026-10-14T22:14:47Z	DBZ	75	Frieza's Boast	Dragon Ball Z
Toonami Aftermath EST	2026-10-14T22:38:32Z	Zoids	18	Love on the Battlefield - My Love, the Judge	
Toonami Aftermath EST	2026-10-14T23:00:29Z	DBZ Abridged Halloween Special			
Toonami Aftermath EST	2026-10-14T23:03:02Z	DBZ Abridged	21	The Good, The Bad, and The Purple	Dragon Ball Z: Abridged
Toonami Aftermath EST	2026-10-14T23:14:08Z	DBZ Abridged	22	Grand Theft Goku	Dragon Ball Z: Abridged
Toonami Aftermath EST	2026-10-14T23:25:02Z	DBZ Abridged	23	The Best Laid Plans of Saiyans and Nameks	Dragon Ball Z: Abridged
Toonami Aftermath EST	2026-10-14T23:36:36Z	DBZ Abridged	24	Nail is Piccolo, and so can you!	Dragon Ball Z: Abridged
Toonami Aftermath EST	2026-10-14T23:48:14Z	DBZ Abridged	25	Alien VS. Piccolo	Dragon Ball Z: Abridged
Toonami Aftermath EST	2026-10-14T23:58:00Z	Powerpuff Girls	6	Telephonies / Tough Love	The Powerpuff Girls
Toonami Aftermath EST	2026-10-15T00:20:52Z	Ed Edd Eddy	10	Quick Shot Ed	Ed Edd n' Eddy
Toonami Aftermath EST	2026-10-15T00:31:39Z	What A Cartoon! Show	35	The Zoonatiks in Home Sweet Home	
Toonami Aftermath EST	2026-10-15T00:39:03Z	Cow and Chicken	26	The King & Queen of Cheese	
Toonami Aftermath EST	2026-10-15T00:45:45Z	I Am Weasel	44	I Are Ghost	
Toonami Aftermath EST	2026-10-15T00:52:47Z	Dexters Laboratory	122	Just An Old Fashioned Lab Song	Dexter's Laboratory
Toonami Aftermath EST	2026-10-15T01:01:30Z	Dragonball	11	The Penalty is Pinball	Dragon Ball
Toonami Aftermath EST	2026-10-15T01:25:40Z	Sailor Moon	97	Tainted Tea Party	
Toonami Aftermath EST	2026-10-15T01:50:18Z	DBZ	76	Bold and Fearless	Dragon Ball Z
Toonami Aftermath EST	2026-10-15T02:13:05Z	DBZ	77	Embodiment of Fire	Dragon Ball Z
Toonami Aftermath EST	2026-10-15T02:36:22Z	Gundam Wing	35	The Return of Wufei	
Toonami Aftermath EST	2026-10-15T03:03:30Z	Space Ghost C2C	6		Space Ghost Coast to Coast
Toonami Aftermath EST	2026-10-15T03:18:15Z	Home Movies	28	Breaking Up Is Hard To Do	
Toonami Aftermath EST	2026-10-15T03:43:54Z	Brak Show	17	Runaway	
Toonami Aftermath EST	2026-10-15T04:00:59Z	Cyborg 009	1	The Birth	
Toonami Aftermath EST	2026-10-15T04:25:44Z	Yu Yu Hakusho	81	Let the Games Begin	Yu Yu Hakusho: Ghost Files
Toonami Aftermath EST	2026-10-15T04:50:26Z	Rurouni Kenshin	53	The Giant Versus Superman: Like an Arrow Shot at a Time of Despair	Rurouni Kenshin
Toonami Aftermath EST	2026-10-15T05:12:57Z	Lupin III	15	The Case of the Risible Dirigible	Lupin the 3rd
Toonami Aftermath EST	2026-10-15T05:36:28Z	Ranma	18	I Am a Man! Ranma's Going Back to China!?	Ranma 1/2
Toonami Aftermath EST	2026-10-15T06:00:00Z	Record of Lodoss War TV	21	A Vow... A Step Towards the Future	Record of Lodoss War: Chronicles of the Heroic Knight
Toonami Aftermath EST	2026-10-15T06:32:03Z	Sealab 2021	45	Casinko	
Toonami Aftermath EST	2026-10-15T06:49:16Z	Serial Experiments Lain	6	Kids	
Toonami Aftermath EST	2026-10-15T07:16:14Z	Cromartie High School	5	Sentimental Bus	
Toonami Aftermath EST	2026-10-15T07:34:54Z	Nadia - Secret of Blue Water	9	Nemo's Secret	Nadia: The Secret of Blue Water
Toonami Aftermath EST	2026-10-15T08:00:00Z	Pokemon	10	Bulbasaur and the Hidden Village	
Toonami Aftermath EST	2026-10-15T08:29:47Z	Teen Titans	10	Detention	
Toonami Aftermath EST	2026-10-15T09:01:30Z	Dragonball	10	The Dragon Balls are Stolen!!	Dragon Ball
Toonami Aftermath EST	2026-10-15T09:26:03Z	Sailor Moon	96	Hello, Sailor Mini Moon	
Toonami Aftermath EST	2026-10-15T09:51:12Z	DBZ	74	Clash of The Super Powers	Dragon Ball Z
Toonami Aftermath EST	2026-10-15T10:14:47Z	DBZ	75	Frieza's Boast	Dragon Ball Z
Toonami Aftermath EST	2026-10-15T10:38:32Z	Zoids	18	Love on the Battlefield - My Love, the Judge	
Toonami Aftermath EST	2026-10-15T11:00:29Z	DBZ Abridged Halloween Special			
Toonami Aftermath EST	2026-10-15T11:03:02Z	DBZ Abridged	21	The Good, The Bad, and The Purple	Dragon Ball Z: Abridged
Toonami Aftermath EST	2026-10-15T11:14:08Z	DBZ Abridged	22	Grand Theft Goku	Dragon Ball Z: Abridged
Toonami Aftermath EST	2026-10-15T11:25:02Z	DBZ Abridged	23	The Best Laid Plans of Saiyans and Nameks	Dragon Ball Z: Abridged
Toonami Aftermath EST	2026-10-15T11:36:36Z	DBZ Abridged	24	Nail is Piccolo, and so can you!	Dragon Ball Z: Abridged
Toonami Aftermath EST	2026-10-15T11:48:14Z	DBZ Abridged	25	Alien VS. Piccolo	Dragon Ball Z: Abridged
Toonami Aftermath EST	2026-10-15T11:58:00Z	Powerpuff Girls	6	Telephonies / Tough Love	The Powerpuff Girls
Toonami Aftermath EST	2026-10-15T12:20:52Z	Ed Edd Eddy	10	Quick Shot Ed	Ed Edd n' Eddy
Toonami Aftermath EST	2026-10-15T12:31:39Z	What A Cartoon! Show	35	The Zoonatiks in Home Sweet Home	
Toonami Aftermath EST	2026-10-15T12:39:03Z	Cow and Chicken	26	The King & Queen of Cheese	
Toonami Aftermath EST	2026-10-15T12:45:45Z	I Am Weasel	44	I Are Ghost	
Toonami Aftermath EST	2026-10-15T12:52:47Z	Dexters Laboratory	122	Just An Old Fashioned Lab Song	Dexter's Laboratory
Toonami Aftermath EST	2026-10-15T13:01:30Z	Dragonball	11	The Penalty is Pinball	Dragon Ball
Toonami Aftermath EST	2026-10-15T13:25:40Z	Sailor Moon	97	Tainted Tea Party	
Toonami Aftermath EST	2026-10-15T13:50:18Z	DBZ	76	Bold and Fearless	Dragon Ball Z
Toonami Aftermath EST	2026-10-15T14:13:05Z	DBZ	77	Embodiment of Fire	Dragon Ball Z
Toonami Aftermath EST	2026-10-15T14:36:22Z	Gundam Wing	35	The Return of Wufei	
Toonami Aftermath EST	2026-10-15T15:03:30Z	Space Ghost C2C	6		Space Ghost Coast to Coast
Toonami Aftermath EST	2026-10-15T15:18:15Z	Home Movies	28	Breaking Up Is Hard To Do	
Toonami Aftermath EST	2026-10-15T15:43:54Z	Brak Show	17	Runaway	
Toonami Aftermath EST	2026-10-15T16:00:30Z	X-Men	54	One Man's Worth (Part 2)	
Toonami Aftermath EST	2026-10-15T16:21:59Z	Mega Man	3	Mega-Pinocchio	
Toonami Aftermath EST	2026-10-15T16:47:47Z	Men in Black	45	The Hots for Jay Syndrome	Men in Black: The Series
Toonami Aftermath EST	2026-10-15T17:10:54Z	Street Fighter	4	No Way Out	Street Fighter: The Animated Series
Toonami Aftermath EST	2026-10-15T17:33:39Z	Spider-Man	64	Spider Wars, Chapter I: I Really, Really Hate Clones	
Toonami Aftermath EST	2026-10-15T17:55:30Z	Silverhawks	60	Stargazer's Refit	
Toonami Aftermath EST	2026-10-15T18:18:39Z	Saint Seiya	34	Farewell Friend! Rest in Peace	
Toonami Aftermath EST	2026-10-15T18:43:59Z	Mobile Suit Gundam	42	Escape	
Toonami Aftermath EST	2026-10-15T19:08:39Z	Robotech	61	The Invid Invasion	
Toonami Aftermath EST	2026-10-15T19:32:20Z	Reboot	37	Showdown	
Toonami Aftermath EST	2026-10-15T20:00:00Z	Pokemon	11	Charmander - The Stray Pokemon	
Toonami Aftermath EST	2026-10-15T20:29:48Z	Batman	23	Vendetta	Batman: The Animated Series
Toonami Aftermath EST	2026-10-15T21:01:30Z	Dragonball	12	The Wish to Shen Long	Dragon Ball
Toonami Aftermath EST	2026-10-15T21:26:01Z	Sailor Moon	98	People Who Need People	
Toonami Aftermath EST	2026-10-15T21:50:53Z	DBZ	78	Trump Card	Dragon Ball Z
Toonami Aftermath EST	2026-10-15T22:14:25Z	DBZ	79	Keep the Chance Alive	Dragon Ball Z
Toonami Aftermath EST	2026-10-15T22:38:11Z	Zoids	19	The Third Conversion - Zero Panzer's Debut	
Toonami Aftermath EST	2026-10-15T23:01:00Z	Winnie the Pooh Boo To You Too			
Toonami Aftermath EST	2026-10-15T23:23:32Z	Halloween is Grinch Night			
Toonami Aftermath EST	2026-10-15T23:50:33Z	Courage the Cowardly Dog	5	Night of the Weremole / Mother's Day	
Toonami Aftermath EST	2026-10-16T00:13:10Z	Ed Edd Eddy	11	An Ed Too Many	Ed Edd n' Eddy
Toonami Aftermath EST	2026-10-16T00:24:06Z	2 Stupid Dogs	38	Agent Penny	
Toonami Aftermath EST	2026-10-16T00:31:34Z	Johnny Bravo	131	Carnival Of The Darned	
Toonami Aftermath EST	2026-10-16T00:38:27Z	What A Cartoon! Show	36	Dino in The Great Egg-Scape	
Toonami Aftermath EST	2026-10-16T00:46:00Z	Cow and Chicken	27	Fluffy the Anaconda	
Toonami Aftermath EST	2026-10-16T00:52:53Z	I Am Weasel	45	The Magnificent Motorbikini	
Toonami Aftermath EST	2026-10-16T01:01:30Z	Dragonball	13	Goku's Great Transformation	Dragon Ball
Toonami Aftermath EST	2026-10-16T01:25:30Z	Sailor Moon	99	Related By Destiny	
Toonami Aftermath EST	2026-10-16T01:50:10Z	DBZ	80	Power of The Spirit	Dragon Ball Z
Toonami Aftermath EST	2026-10-16T02:13:15Z	DBZ	81	Transformed at Last	Dragon Ball Z
Toonami Aftermath EST	2026-10-16T02:36:23Z	Gundam Wing	36	Sanc Kingdom's Collapse	
Toonami Aftermath EST	2026-10-16T03:01:16Z	Space Ghost C2C	7		Space Ghost Coast to Coast
Toonami Aftermath EST	2026-10-16T03:13:47Z	Home Movies	29	Bad Influences	
Toonami Aftermath EST	2026-10-16T03:37:31Z	Cartoon Planet	6	The Dangerous Danger	
Toonami Aftermath EST	2026-10-16T04:00:59Z	Cyborg 009	2	The Escape	
Toonami Aftermath EST	2026-10-16T04:24:23Z	Yu Yu Hakusho	82	If You Could Play Forever	Yu Yu Hakusho: Ghost Files
Toonami Aftermath EST	2026-10-16T04:49:22Z	Rurouni Kenshin	54	Hiten versus Shukuchi	Rurouni Kenshin
Toonami Aftermath EST	2026-10-16T05:12:24Z	Lupin III	16	Crude Reproduction, Perfect Frame	Lupin the 3rd
Toonami Aftermath EST	2026-10-16T05:36:44Z	Ranma	19	The Abduction of P-Chan	Ranma 1/2
Toonami Aftermath EST	2026-10-16T06:00:00Z	Record of Lodoss War TV	22	Liberation... A Path Opened	Record of Lodoss War: Chronicles of the Heroic Knight
Toonami Aftermath EST	2026-10-16T06:29:09Z	Aqua Teen Hunger Force	71	Couple Skate	
Toonami Aftermath EST	2026-10-16T06:44:26Z	Serial Experiments Lain	7	Society	
Toonami Aftermath EST	2026-10-16T07:08:41Z	Shin Chan	5	Gigantic One-Eyed Monster	
Toonami Aftermath EST	2026-10-16T07:34:54Z	Nadia - Secret of Blue Water	10	A Crowning Performance by the Gratan	Nadia: The Secret of Blue Water
Toonami Aftermath EST	2026-10-16T08:00:00Z	Pokemon	11	Charmander - The Stray Pokemon	
Toonami Aftermath EST	2026-10-16T08:29:48Z	Batman	23	Vendetta	Batman: The Animated Series
Toonami Aftermath EST	2026-10-16T09:01:30Z	Dragonball	12	The Wish to Shen Long	Dragon Ball
Toonami Aftermath EST	2026-10-16T09:26:01Z	Sailor Moon	98	People Who Need People	
Toonami Aftermath EST	2026-10-16T09:50:53Z	DBZ	78	Trump Card	Dragon Ball Z
Toonami Aftermath EST	2026-10-16T10:14:25Z	DBZ	79	Keep the Chance Alive	Dragon Ball Z
Toonami Aftermath EST	2026-10-16T10:38:11Z	Zoids	19	The Third Conversion - Zero Panzer's Debut	
Toonami Aftermath EST	2026-10-16T11:01:00Z	Winnie the Pooh Boo To You Too			
Toonami Aftermath EST	2026-10-16T11:23:32Z	Halloween is Grinch Night			
Toonami Aftermath EST	2026-10-16T11:50:33Z	Courage the Cowardly Dog	5	Night of the Weremole / Mother's Day	
Toonami Aftermath EST	2026-10-16T12:13:10Z	Ed Edd Eddy	11	An Ed Too Many	Ed Edd n' Eddy
Toonami Aftermath EST	2026-10-16T12:24:06Z	2 Stupid Dogs	38	Agent Penny	
Toonami Aftermath EST	2026-10-16T12:31:34Z	Johnny Bravo	131	Carnival Of The Darned	
Toonami Aftermath EST	2026-10-16T12:38:27Z	What A Cartoon! Show	36	Dino in The Great Egg-Scape	
Toonami Aftermath EST	2026-10-16T12:46:00Z	Cow and Chicken	27	Fluffy the Anaconda	
Toonami Aftermath EST	2026-10-16T12:52:53Z	I Am Weasel	45	The Magnificent Motorbikini	
Toonami Aftermath EST	2026-10-16T13:01:30Z	Dragonball	13	Goku's Great Transformation	Dragon Ball
Toonami Aftermath EST	2026-10-16T13:25:30Z	Sailor Moon	99	Related By Destiny	
Toonami Aftermath EST	2026-10-16T13:50:10Z	DBZ	80	Power of The Spirit	Dragon Ball Z
Toonami Aftermath EST	2026-10-16T14:13:15Z	DBZ	81	Transformed at Last	Dragon Ball Z
Toonami Aftermath EST	2026-10-16T14:36:23Z	Gundam Wing	36	Sanc Kingdom's Collapse	
Toonami Aftermath EST	2026-10-16T15:01:16Z	Space Ghost C2C	7		Space Ghost Coast to Coast
Toonami Aftermath EST	2026-10-16T15:13:47Z	Home Movies	29	Bad Influences	
Toonami Aftermath EST	2026-10-16T15:37:31Z	Cartoon Planet	6	The Dangerous Danger	
Toonami Aftermath EST	2026-10-16T16:00:30Z	X-Men	55	Proteus (Part 1)	
Toonami Aftermath EST	2026-10-16T16:23:10Z	Mega Man	4	The Big Shake	
Toonami Aftermath EST	2026-10-16T16:48:31Z	Men in Black	46	The Circus Parade Syndrome	Men in Black: The Series
Toonami Aftermath EST	2026-10-16T17:10:56Z	Street Fighter	5	Demon Island	Street Fighter: The Animated Series
Toonami Aftermath EST	2026-10-16T17:33:38Z	Spider-Man	65	Spider Wars, Chapter II: Farewell, Spider-Man	
Toonami Aftermath EST	2026-10-16T17:56:00Z	Thundercats	10	Mandora - The Evil Chaser	
Toonami Aftermath EST	2026-10-16T18:18:54Z	Saint Seiya	35	Desperate Journey! Open Dragon's Eyes	
Toonami Aftermath EST	2026-10-16T18:43:58Z	Zeta Gundam	1	Black Gundam	Mobile Suit Zeta Gundam
Toonami Aftermath EST	2026-10-16T19:09:16Z	Robotech	62	The Lost City	
Toonami Aftermath EST	2026-10-16T19:33:00Z	Reboot	38	System Crash	
Toonami Aftermath EST	2026-10-16T20:00:00Z	Pokemon	12	Here Comes the Squirtle Squad	
Toonami Aftermath EST	2026-10-16T20:29:56Z	Teen Titans	11	Car Trouble	
Toonami Aftermath EST	2026-10-16T21:01:30Z	Dragonball	14	Goku's Rival	Dragon Ball
Toonami Aftermath EST	2026-10-16T21:26:18Z	Sailor Moon	100	Art Appreciation	
Toonami Aftermath EST	2026-10-16T21:51:26Z	DBZ	82	Explosion of Anger	Dragon Ball Z
Toonami Aftermath EST	2026-10-16T22:15:02Z	DBZ	83	Namek's Destruction	Dragon Ball Z
Toonami Aftermath EST	2026-10-16T22:38:37Z	Zoids	20	The Shadow Fox - Brad's Betrayal	
Toonami Aftermath EST	2026-10-16T23:01:00Z	Sailor Moon SuperS - Black Dream Hole			
Toonami Aftermath EST	2026-10-17T00:01:12Z	Powerpuff Girls	7	Major Competition / Mr. Mojo's Rising	The Powerpuff Girls
Toonami Aftermath EST	2026-10-17T00:24:21Z	Ed Edd Eddy	12	Ed-n-Seek	Ed Edd n' Eddy
Toonami Aftermath EST	2026-10-17T00:35:45Z	Dexters Laboratory	123	Repairanoid	Dexter's Laboratory
Toonami Aftermath EST	2026-10-17T00:43:58Z	2 Stupid Dogs	39	Cat!	
Toonami Aftermath EST	2026-10-17T00:51:49Z	Johnny Bravo	132	A Walk On The Stupid Side	
Toonami Aftermath EST	2026-10-17T01:01:30Z	Dragonball	15	The Mysterious Girl Launch	Dragon Ball
Toonami Aftermath EST	2026-10-17T01:25:30Z	Sailor Moon	101	Everything's Coming Up Rosy	
Toonami Aftermath EST	2026-10-17T01:50:15Z	DBZ	84	A Final Attack	Dragon Ball Z
Toonami Aftermath EST	2026-10-17T02:13:05Z	DBZ	85	Approaching Destruction	Dragon Ball Z
Toonami Aftermath EST	2026-10-17T02:36:23Z	Gundam Wing	37	Zero VS Epyon	
Toonami Aftermath EST	2026-10-17T03:03:33Z	Space Ghost C2C	8		Space Ghost Coast to Coast
Toonami Aftermath EST	2026-10-17T03:18:14Z	Home Movies	30	Improving Your Life Through Improv/Sensitivity	
Toonami Aftermath EST	2026-10-17T03:44:29Z	Brak Show	18	Brak Street	
Toonami Aftermath EST	2026-10-17T04:00:59Z	Cyborg 009	3	The Assassin of Flash	
Toonami Aftermath EST	2026-10-17T04:23:44Z	Yu Yu Hakusho	83	Game Over	Yu Yu Hakusho: Ghost Files
Toonami Aftermath EST	2026-10-17T04:49:02Z	Rurouni Kenshin	55	The Tragedy of a Stormy Night	Rurouni Kenshin
Toonami Aftermath EST	2026-10-17T05:12:17Z	Lupin III	17	Sheik-Down	Lupin the 3rd
Toonami Aftermath EST	2026-10-17T05:36:44Z	Ranma	20	Close Call! The Dance of Death... On Ice!	Ranma 1/2
Toonami Aftermath EST	2026-10-17T06:00:00Z	Record of Lodoss War TV	23	Landing... The Terrifying Dark Island	Record of Lodoss War: Chronicles of the Heroic Knight
Toonami Aftermath EST	2026-10-17T06:31:19Z	12 oz Mouse	5	Rememorized	
Toonami Aftermath EST	2026-10-17T06:49:13Z	Serial Experiments Lain	8	Rumors	
Toonami Aftermath EST	2026-10-17T07:16:13Z	Cromartie High School	6	The Empire of Ambition	
Toonami Aftermath EST	2026-10-17T07:34:54Z	Nadia - Secret of Blue Water	11	New Recruits for the Nautilus	Nadia: The Secret of Blue Water
Toonami Aftermath EST	2026-10-17T08:00:00Z				
Toonami Aftermath EST	2026-10-17T08:23:21Z				
Toonami Aftermath EST	2026-10-17T08:38:32Z				
Toonami Aftermath EST	2026-10-17T08:52:26Z				
Toonami Aftermath EST	2026-10-17T09:06:09Z				
Toonami Aftermath EST	2026-10-17T09:18:37Z				
Toonami Aftermath EST	2026-10-17T09:30:38Z				
Toonami Aftermath EST	2026-10-17T09:42:03Z				
Toonami Aftermath EST	2026-10-17T09:53:18Z				
Toonami Aftermath EST	2026-10-17T10:00:00Z	Spiderman	27	The Golden Rhino	Spider-Man
Toonami Aftermath EST	2026-10-17T10:11:56Z	Spiderman	28	Blueprint for Crime	Spider-Man
Toonami Aftermath EST	2026-10-17T10:23:48Z	Spiderman	29	The Spider and the Fly	Spider-Man
Toonami Aftermath EST	2026-10-17T10:36:05Z	Spiderman	30	The Slippery Dr. Von Schlick	Spider-Man
Toonami Aftermath EST	2026-10-17T10:48:25Z	Fantastic Four	11	Demon in the Deep	
Toonami Aftermath EST	2026-10-17T11:09:59Z	Iron Man	4	The Mandarin's Revenge!, The Mandarin's Death Ray, No One Escapes the Mandarin	
Toonami Aftermath EST	2026-10-17T11:28:39Z	Birdman	9	Avenger for Ransom	
Toonami Aftermath EST	2026-10-17T11:36:35Z	Birdman	10	The Brain Thief	
Toonami Aftermath EST	2026-10-17T11:45:33Z	Space Ghost	9	The Robot Master	
Toonami Aftermath EST	2026-10-17T11:53:40Z	Space Ghost	10	The Energy Monster	
Toonami Aftermath EST	2026-10-17T12:00:00Z	Earthworm Jim	8	The Egg Beater	
Toonami Aftermath EST	2026-10-17T12:24:13Z	Static Shock	31	A League of Their Own (Part 2)	
Toonami Aftermath EST	2026-10-17T12:48:44Z	Animaniacs	39	Smitten with Kittens / Alas Poor Skullhead / White Gloves	
Toonami Aftermath EST	2026-10-17T13:13:46Z	Tick	24	Tick vs. the Big Nothing	The Tick
Toonami Aftermath EST	2026-10-17T13:38:30Z	Freakazoid	13	The Wrath of Guitierrez	
Toonami Aftermath EST	2026-10-17T14:00:45Z	Digimon	39	The Battle for Earth	
Toonami Aftermath EST	2026-10-17T14:24:51Z	Monster Rancher	64	Legend of the Great White Most	Monster Rancher
Toonami Aftermath EST	2026-10-17T14:49:42Z	Yu-Gi-Oh!	86	Awakening of Evil (Part 1)	
Toonami Aftermath EST	2026-10-17T15:13:42Z	Starship Troopers	5	Deep Trouble	Roughnecks: Starship Troopers Chronicles
Toonami Aftermath EST	2026-10-17T15:38:30Z	Beast Machines	8	Revelations, Part II: Descent	
Toonami Aftermath EST	2026-10-17T16:01:28Z	Jonny Quest Real Adventures	14	Expedition to Khumbu	The Real Adventures of Jonny Quest
Toonami Aftermath EST	2026-10-17T16:23:01Z	Jonny Quest Real Adventures	15	Ice Will Burn	The Real Adventures of Jonny Quest
Toonami Aftermath EST	2026-10-17T16:45:22Z	Jonny Quest	5	Riddle of the Gold	
Toonami Aftermath EST	2026-10-17T17:11:56Z	Scooby Doo	5	Decoy for a Dognapper	Scooby Doo, Where Are You!
Toonami Aftermath EST	2026-10-17T17:35:24Z	Scooby Doo	6	What the Hex Going On?	Scooby Doo, Where Are You!
Toonami Aftermath EST	2026-10-17T18:00:30Z	Superman	45	Obsession	
Toonami Aftermath EST	2026-10-17T18:24:45Z	Batman	24	See No Evil	Batman: The Animated Series
Toonami Aftermath EST	2026-10-17T18:49:48Z	Batman Beyond	19	Bloodsport	
Toonami Aftermath EST	2026-10-17T19:13:08Z	Justice League	4	In Blackest Night: Part 1	
Toonami Aftermath EST	2026-10-17T19:37:31Z	Justice League	5	In Blackest Night: Part 2	
Toonami Aftermath EST	2026-10-17T20:00:30Z	Megas XLR	23	A Clockwork Megas	
Toonami Aftermath EST	2026-10-17T20:26:01Z	Neon Genesis Evangelion	25	A World That's Ending	
Toonami Aftermath EST	2026-10-17T20:51:11Z	Patlabor	44	CLAT Forever	Patlabor: The Mobile Police
Toonami Aftermath EST	2026-10-17T21:19:35Z	Gundam 0080	5	Say it Ain't So, Bernie!	Mobile Suit Gundam 0080: War in the Pocket
Toonami Aftermath EST	2026-10-17T21:50:47Z	Gundam 0080	6	War in the Pocket	Mobile Suit Gundam 0080: War in the Pocket
Toonami Aftermath EST	2026-10-17T22:18:00Z	Celebrity Deathmatch	14	Magic, Flashbacks and Pregnancies	
Toonami Aftermath EST	2026-10-17T22:41:02Z	Initial D	12	The FR-Killing Deathmatch!	
Toonami Aftermath EST	2026-10-17T23:07:30Z	Initial D	13	Itsuki's First Date	
Toonami Aftermath EST	2026-10-17T23:34:05Z	Fighting Spirit	5	3 Months to Counter	
Toonami Aftermath EST	2026-10-17T23:59:53Z	Fighting Spirit	6	The Opening Bell of the Rematch	
Toonami Aftermath EST	2026-10-18T00:24:35Z	Powerpuff Girls Z	21	Quack-Quack Attack / Veggie Vengeance	
Toonami Aftermath EST	2026-10-18T00:49:30Z	Powerpuff Girls Z	22	Pastry Puff Panic	
Toonami Aftermath EST	2026-10-18T01:14:34Z	Outlaw Star	15	The Seven Emerge	
Toonami Aftermath EST	2026-10-18T01:42:11Z	Outlaw Star	16	Demon of the Water Planet	
Toonami Aftermath EST	2026-10-18T02:10:01Z	Cowboy Bebop	26	The Real Folk Blues (Part 2)	
Toonami Aftermath EST	2026-10-18T02:36:39Z	Samurai Champloo	1	Tempestuous Temperaments	
Toonami Aftermath EST	2026-10-18T03:01:00Z	Interstella 5555			
Toonami Aftermath EST	2026-10-18T04:06:10Z	Rifftrax - Harry Potter 1 And The Sorcerers Stone			
Toonami Aftermath EST	2026-10-18T06:40:40Z	Rifftrax - Night of the Living Dead			
Toonami Aftermath EST	2026-10-18T08:16:30Z	MST3K - S06E04 - Zombie Nightmare			
Toonami Aftermath EST	2026-10-18T09:48:48Z				
Toonami Aftermath EST	2026-10-18T10:00:00Z	Spiderman	31	The Vulture's Prey	Spider-Man
Toonami Aftermath EST	2026-10-18T10:12:09Z				
Toonami Aftermath EST	2026-10-18T10:12:23Z	Spiderman	32	The Dark Terrors	Spider-Man
Toonami Aftermath EST	2026-10-18T10:24:49Z	Spiderman	33	The Terrible Triumph of Dr. Octopus	Spider-Man
Toonami Aftermath EST	2026-10-18T10:27:20Z				
Toonami Aftermath EST	2026-10-18T10:37:11Z	Spiderman	34	Magic Malice	Spider-Man
Toonami Aftermath EST	2026-10-18T10:41:14Z				
Toonami Aftermath EST	2026-10-18T10:49:38Z	Hulk	4	The Power of Dr. Banner, Where Strides the Behemoth, Back from the Dead	
Toonami Aftermath EST	2026-10-18T10:54:57Z				
Toonami Aftermath EST	2026-10-18T11:07:25Z				
Toonami Aftermath EST	2026-10-18T11:08:51Z	Captain America	4	Return of Captain America, The Search, To Live Again	
Toonami Aftermath EST	2026-10-18T11:19:26Z				
Toonami Aftermath EST	2026-10-18T11:28:06Z	Birdman	11	Birdman vs the Constrictor	
Toonami Aftermath EST	2026-10-18T11:30:51Z				
Toonami Aftermath EST	2026-10-18T11:36:06Z	Birdman	12	Birdman Meets Birdgirl	
Toonami Aftermath EST	2026-10-18T11:42:06Z				
Toonami Aftermath EST	2026-10-18T11:45:18Z	Space Ghost	11	Hi-Jackers	
Toonami Aftermath EST	2026-10-18T11:53:40Z	Space Ghost	12	The Lure	
Toonami Aftermath EST	2026-10-18T12:00:00Z	Earthworm Jim	9	Trout!	
Toonami Aftermath EST	2026-10-18T12:24:20Z	Static Shock	32	Showtime	
Toonami Aftermath EST	2026-10-18T12:48:38Z	Animaniacs	40	Fair Game / The Slapper / Puppet Rulers	
Toonami Aftermath EST	2026-10-18T13:13:57Z	Tick	25	Tick vs. Reno, Nevada	The Tick
Toonami Aftermath EST	2026-10-18T13:38:59Z	Freakazoid	14	Dexter's Date	
Toonami Aftermath EST	2026-10-18T14:00:45Z	Digimon	40	Enter the Dark Masters	
Toonami Aftermath EST	2026-10-18T14:24:29Z	Monster Rancher	65	Shogun the Mighty	Monster Rancher
Toonami Aftermath EST	2026-10-18T14:49:40Z	Yu-Gi-Oh!	87	Awakening of Evil (Part 2)	
Toonami Aftermath EST	2026-10-18T15:13:18Z	Starship Troopers	6	Water, Water Everywhere	Roughnecks: Starship Troopers Chronicles
Toonami Aftermath EST	2026-10-18T15:38:30Z	Beast Machines	9	Revelations, Part III: Apocalypse	
Toonami Aftermath EST	2026-10-18T16:01:28Z	Jonny Quest Real Adventures	16	Alligators and Okeechobee Vikings	The Real Adventures of Jonny Quest
Toonami Aftermath EST	2026-10-18T16:23:34Z	Jonny Quest Real Adventures	17	To Bardo and Back	The Real Adventures of Jonny Quest
Toonami Aftermath EST	2026-10-18T16:45:08Z	Jonny Quest	6	Treasure of the Temple	
Toonami Aftermath EST	2026-10-18T17:11:56Z	Scooby Doo	7	Never Ape an Ape Man	Scooby Doo, Where Are You!
Toonami Aftermath EST	2026-10-18T17:35:27Z	Scooby Doo	8	Foul Play in Funland	Scooby Doo, Where Are You!
Toonami Aftermath EST	2026-10-18T18:00:30Z	Superman	46	Little Big Head Man	
Toonami Aftermath EST	2026-10-18T18:24:36Z	Batman	25	Moon of the Wolf	Batman: The Animated Series
Toonami Aftermath EST	2026-10-18T18:49:35Z	Batman Beyond	20	Once Burned	
Toonami Aftermath EST	2026-10-18T19:13:35Z	Justice League	6	The Enemy Below: Part 1	
Toonami Aftermath EST	2026-10-18T19:38:20Z	Justice League	7	The Enemy Below: Part 2	
Toonami Aftermath EST	2026-10-18T20:00:30Z	Megas XLR	24	Universal Remote	
Toonami Aftermath EST	2026-10-18T20:25:25Z	Neon Genesis Evangelion	26	The Beast that Shouted 'I' at the Heart of the World	
Toonami Aftermath EST	2026-10-18T20:52:14Z	Patlabor	45	Freedom to Choose a Job	Patlabor: The Mobile Police
Toonami Aftermath EST	2026-10-18T21:19:17Z	Gundam 0083	1	Gundamjack	Mobile Suit Gundam 0083: Stardust Memory
Toonami Aftermath EST	2026-10-18T21:50:39Z	Gundam 0083	2	Endless Pursuit	Mobile Suit Gundam 0083: Stardust Memory
Toonami Aftermath EST	2026-10-18T22:18:00Z	Celebrity Deathmatch	15	The Time Machine	
Toonami Aftermath EST	2026-10-18T22:40:31Z	Initial D	14	Evolving Drift Genius!	
Toonami Aftermath EST	2026-10-18T23:07:14Z	Initial D	15	Takumi's Furious Driving Rage!	
Toonami Aftermath EST	2026-10-18T23:33:37Z	Fighting Spirit	7	The Destructive Force of 1 cm	
Toonami Aftermath EST	2026-10-18T23:59:54Z	Fighting Spirit	8	Promise to Meet Again	
Toonami Aftermath EST	2026-10-19T00:24:35Z	Powerpuff Girls Z	23	A Comedy of Terrors / Beetle Battle	
Toonami Aftermath EST	2026-10-19T00:49:46Z	Powerpuff Girls Z	24	A Ken in Need, is a Friend Indeed	
Toonami Aftermath EST	2026-10-19T01:15:11Z	Outlaw Star	17	Between Life and Machine	
Toonami Aftermath EST	2026-10-19T01:43:30Z	Outlaw Star	18	The Strongest Woman in the Universe	
Toonami Aftermath EST	2026-10-19T02:10:51Z	Samurai Champloo	2	Redeye Reprisal	
Toonami Aftermath EST	2026-10-19T02:36:39Z	Samurai Champloo	3	Hellhounds for Hire (Part 1)	
Toonami Aftermath EST	2026-10-19T03:01:00Z	Final Fantasy VII Advent Children			
Toonami Aftermath EST	2026-10-19T05:07:34Z	Rifftrax - Sixth Sense			
Toonami Aftermath EST	2026-10-19T06:57:03Z	Rifftrax - Psycho 2			
Toonami Aftermath EST	2026-10-19T08:50:19Z	MST3K - S08E18 - Devil Doll			
Toonami Aftermath EST	2026-10-19T10:22:26Z	Pokemon	12	Here Comes the Squirtle Squad	
Toonami Aftermath EST	2026-10-19T10:52:22Z	Teen Titans	11	Car Trouble	
Toonami Aftermath EST	2026-10-19T11:23:56Z	Dragonball	14	Goku's Rival	Dragon Ball
Toonami Aftermath EST	2026-10-19T11:48:44Z	Sailor Moon	100	Art Appreciation	
Toonami Aftermath EST	2026-10-19T12:13:52Z	DBZ	82	Explosion of Anger	Dragon Ball Z
Toonami Aftermath EST	2026-10-19T12:37:28Z	DBZ	83	Namek's Destruction	Dragon Ball Z
Toonami Aftermath EST	2026-10-19T13:01:03Z	Zoids	20	The Shadow Fox - Brad's Betrayal	
Toonami Aftermath EST	2026-10-19T13:23:26Z	Sailor Moon SuperS - Black Dream Hole			
Toonami Aftermath EST	2026-10-19T14:23:38Z	Powerpuff Girls	7	Major Competition / Mr. Mojo's Rising	The Powerpuff Girls
Toonami Aftermath EST	2026-10-19T14:46:47Z	Ed Edd Eddy	12	Ed-n-Seek	Ed Edd n' Eddy
Toonami Aftermath EST	2026-10-19T14:58:11Z	Dexters Laboratory	123	Repairanoid	Dexter's Laboratory
Toonami Aftermath EST	2026-10-19T15:06:24Z	2 Stupid Dogs	39	Cat!	
Toonami Aftermath EST	2026-10-19T15:14:15Z	Johnny Bravo	132	A Walk On The Stupid Side	
Toonami Aftermath EST	2026-10-19T15:23:57Z	Dragonball	15	The Mysterious Girl Launch	Dragon Ball
Toonami Aftermath EST	2026-10-19T15:47:57Z	Sailor Moon	101	Everything's Coming Up Rosy	
Toonami Aftermath EST	2026-10-19T16:12:42Z	DBZ	84	A Final Attack	Dragon Ball Z
Toonami Aftermath EST	2026-10-19T16:35:32Z	DBZ	85	Approaching Destruction	Dragon Ball Z
Toonami Aftermath EST	2026-10-19T16:58:50Z	Gundam Wing	37	Zero VS Epyon	
Toonami Aftermath EST	2026-10-19T17:26:00Z	Space Ghost C2C	8		Space Ghost Coast to Coast
Toonami Aftermath EST	2026-10-19T17:40:41Z	Home Movies	30	Improving Your Life Through Improv/Sensitivity	
Toonami Aftermath EST	2026-10-19T18:06:56Z	Brak Show	18	Brak Street	
